{"elements":[{"from":[7.9428573,7.9428573,6.948571],"to":[8.057143,8.057143,9.051429],"rotation":{"angle":0.0,"axis":"y","origin":[8.0,8.0,8.0]},"faces":{"east":{"uv":[8.10025,8.749875,16.0,8.10025],"rotation":0,"texture":"#4","tintindex":0},"south":{"uv":[8.10025,8.749875,16.0,8.10025],"rotation":0,"texture":"#4","tintindex":0},"north":{"uv":[8.10025,8.749875,16.0,8.10025],"rotation":0,"texture":"#4","tintindex":0},"west":{"uv":[8.10025,8.749875,16.0,8.10025],"rotation":0,"texture":"#4","tintindex":0},"up":{"uv":[8.10025,8.749875,16.0,8.10025],"rotation":0,"texture":"#4","tintindex":0},"down":{"uv":[8.10025,8.749875,16.0,8.10025],"rotation":0,"texture":"#4","tintindex":0}}}],"textures":{"4":"modelengine:entity/ladrillo_piedra_liza"},"display":{"head":{"translation":[0.0,-6.4,0.0],"scale":[4.0,4.0,4.0]}}}