{"elements":[{"from":[7.601714,7.693978,7.9416],"to":[7.8302855,8.379692,8.055885],"rotation":{"angle":0.0,"axis":"y","origin":[7.716,8.036835,7.998743]},"faces":{"east":{"uv":[0.0,0.0125,13.465664,1.0345864],"rotation":0,"texture":"#4","tintindex":0},"south":{"uv":[0.120300755,0.0125,13.465664,1.0345864],"rotation":0,"texture":"#4","tintindex":0},"north":{"uv":[0.0,0.0125,13.465664,1.0345864],"rotation":0,"texture":"#4","tintindex":0},"west":{"uv":[0.0,0.0125,13.465664,1.0345864],"rotation":0,"texture":"#4","tintindex":0},"up":{"uv":[0.0,0.003125,13.465664,1.0345864],"rotation":0,"texture":"#4","tintindex":0},"down":{"uv":[0.0,0.003125,13.465664,1.0345864],"rotation":0,"texture":"#4","tintindex":0}}},{"from":[8.173142,7.693978,7.9416],"to":[8.401714,8.379692,8.055885],"rotation":{"angle":0.0,"axis":"y","origin":[8.287429,8.036835,7.998743]},"faces":{"east":{"uv":[0.0,0.2531015,13.465664,1.275188],"rotation":0,"texture":"#4","tintindex":0},"south":{"uv":[0.0,0.0125,13.465664,1.0345864],"rotation":0,"texture":"#4","tintindex":0},"north":{"uv":[0.0,0.0125,13.465664,1.0345864],"rotation":0,"texture":"#4","tintindex":0},"west":{"uv":[0.0,0.0125,13.465664,1.0345864],"rotation":0,"texture":"#4","tintindex":0},"up":{"uv":[0.0,0.003125,13.465664,1.0345864],"rotation":0,"texture":"#4","tintindex":0},"down":{"uv":[0.0,0.003125,13.465664,1.0345864],"rotation":0,"texture":"#4","tintindex":0}}},{"from":[7.596,7.506022,7.9416],"to":[8.396,7.7345934,8.055885],"rotation":{"angle":0.0,"axis":"y","origin":[7.996,7.620308,7.998743]},"faces":{"east":{"uv":[0.0,0.20498121,13.465664,1.0345864],"rotation":0,"texture":"#4","tintindex":0},"south":{"uv":[0.0,0.20498121,13.465664,1.0345864],"rotation":0,"texture":"#4","tintindex":0},"north":{"uv":[0.0,0.20498121,13.465664,1.0345864],"rotation":0,"texture":"#4","tintindex":0},"west":{"uv":[0.0,0.20498121,13.465664,1.0345864],"rotation":0,"texture":"#4","tintindex":0},"up":{"uv":[0.0,0.1956062,13.465664,1.0345864],"rotation":0,"texture":"#4","tintindex":0},"down":{"uv":[0.0,0.1956062,13.465664,1.0345864],"rotation":0,"texture":"#4","tintindex":0}}},{"from":[7.6005716,8.191736,7.9466286],"to":[8.400572,8.420308,8.060914],"rotation":{"angle":0.0,"axis":"y","origin":[7.772213,3.7640734,-13.141829]},"faces":{"east":{"uv":[0.0,0.20498121,13.465664,1.0345864],"rotation":0,"texture":"#4","tintindex":0},"south":{"uv":[0.0,0.20498121,13.465664,1.0345864],"rotation":0,"texture":"#4","tintindex":0},"north":{"uv":[0.0,0.20498121,13.465664,1.0345864],"rotation":0,"texture":"#4","tintindex":0},"west":{"uv":[0.0,0.20498121,13.465664,1.0345864],"rotation":0,"texture":"#4","tintindex":0},"up":{"uv":[0.0,0.1956062,13.465664,1.0345864],"rotation":0,"texture":"#4","tintindex":0},"down":{"uv":[0.0,0.1956062,13.465664,1.0345864],"rotation":0,"texture":"#4","tintindex":0}}}],"textures":{"4":"modelengine:entity/ladrillo_piedra_liza"},"display":{"head":{"translation":[0.0,-6.4,0.0],"scale":[4.0,4.0,4.0]}}}