{"elements":[{"from":[8.734951,3.0590467,3.026967],"to":[11.340665,12.750477,12.718397],"rotation":{"angle":0.0,"axis":"x","origin":[32.153374,9.504762,14.571137]},"faces":{"east":{"uv":[0.0,0.0,16.0,7.93985],"rotation":0,"texture":"#4","tintindex":0},"south":{"uv":[0.0,0.160401,16.0,7.93985],"rotation":0,"texture":"#4","tintindex":0},"north":{"uv":[0.0,0.0,16.0,7.93985],"rotation":0,"texture":"#4","tintindex":0},"west":{"uv":[0.0,6.857143,16.0,7.93985],"rotation":0,"texture":"#4","tintindex":0},"up":{"uv":[0.0,0.160401,16.0,8.10025],"rotation":270,"texture":"#4","tintindex":0},"down":{"uv":[0.0,0.0802005,16.0,7.93985],"rotation":0,"texture":"#4","tintindex":0}}},{"from":[5.992093,8.087619,1.6555381],"to":[10.426379,14.121905,14.546968],"rotation":{"angle":0.0,"axis":"x","origin":[32.153374,9.504762,14.571137]},"faces":{"east":{"uv":[0.0,0.0,16.0,7.93985],"rotation":0,"texture":"#4","tintindex":0},"south":{"uv":[0.0,0.160401,16.0,7.93985],"rotation":0,"texture":"#4","tintindex":0},"north":{"uv":[0.0,0.0,16.0,7.93985],"rotation":0,"texture":"#4","tintindex":0},"west":{"uv":[6.817043,16.0,0.0,13.914787],"rotation":0,"texture":"#4","tintindex":0},"up":{"uv":[0.0,0.0,16.0,8.10025],"rotation":270,"texture":"#4","tintindex":0},"down":{"uv":[0.0,0.0,16.0,7.93985],"rotation":0,"texture":"#4","tintindex":0}}},{"from":[5.992093,2.3733325,1.6555381],"to":[10.426379,8.179048,14.546968],"rotation":{"angle":0.0,"axis":"x","origin":[32.153374,2.6476188,14.571137]},"faces":{"east":{"uv":[0.0,0.0,16.0,7.93985],"rotation":0,"texture":"#4","tintindex":0},"south":{"uv":[0.0,0.0,16.0,7.93985],"rotation":0,"texture":"#4","tintindex":0},"north":{"uv":[0.0,1.0827068,16.0,7.93985],"rotation":0,"texture":"#4","tintindex":0},"west":{"uv":[6.817043,14.957394,0.0,13.914787],"rotation":0,"texture":"#4","tintindex":0},"up":{"uv":[0.0,0.0,16.0,8.10025],"rotation":270,"texture":"#4","tintindex":0},"down":{"uv":[0.0,0.120300755,16.0,7.93985],"rotation":0,"texture":"#4","tintindex":0}}},{"from":[5.1357794,10.830477,1.351768],"to":[8.198637,14.579048,14.471769],"rotation":{"angle":0.0,"axis":"x","origin":[32.153374,9.276191,14.113995]},"faces":{"east":{"uv":[0.0,0.0,16.0,7.93985],"rotation":0,"texture":"#4","tintindex":0},"south":{"uv":[0.0,0.0,16.0,7.93985],"rotation":0,"texture":"#4","tintindex":0},"north":{"uv":[0.0,0.0,16.0,7.93985],"rotation":0,"texture":"#4","tintindex":0},"west":{"uv":[15.037594,0.0,1.0025063,7.5789475],"rotation":0,"texture":"#4","tintindex":0},"up":{"uv":[0.0,0.0,16.0,8.10025],"rotation":270,"texture":"#4","tintindex":0},"down":{"uv":[0.0,0.0,16.0,7.93985],"rotation":0,"texture":"#4","tintindex":0}}},{"from":[6.906379,3.0590467,3.026967],"to":[9.512094,12.750477,12.718397],"rotation":{"angle":0.0,"axis":"x","origin":[32.153374,9.504762,14.571137]},"faces":{"east":{"uv":[0.0,0.0,16.0,7.93985],"rotation":0,"texture":"#4","tintindex":0},"south":{"uv":[0.0,0.0,16.0,7.93985],"rotation":0,"texture":"#4","tintindex":0},"north":{"uv":[0.0,0.0,16.0,7.93985],"rotation":0,"texture":"#4","tintindex":0},"west":{"uv":[7.7794485,9.223058,7.378446,11.749373],"rotation":0,"texture":"#4","tintindex":0},"up":{"uv":[0.0,0.0,16.0,8.10025],"rotation":270,"texture":"#4","tintindex":0},"down":{"uv":[0.0,0.0,16.0,7.93985],"rotation":0,"texture":"#4","tintindex":0}}},{"from":[5.135846,1.2304754,1.35179],"to":[8.198703,4.9790473,14.928934],"rotation":{"angle":0.0,"axis":"x","origin":[31.010519,11.333334,13.199709]},"faces":{"east":{"uv":[0.0,0.0,16.0,7.93985],"rotation":0,"texture":"#4","tintindex":0},"south":{"uv":[0.0,0.0,16.0,7.93985],"rotation":0,"texture":"#4","tintindex":0},"north":{"uv":[0.0,0.0,16.0,7.93985],"rotation":0,"texture":"#4","tintindex":0},"west":{"uv":[14.756892,7.418546,0.0,0.0],"rotation":0,"texture":"#4","tintindex":0},"up":{"uv":[0.0,0.0,16.0,8.10025],"rotation":270,"texture":"#4","tintindex":0},"down":{"uv":[1.0025063,7.859649,14.917294,1.1629072],"rotation":90,"texture":"#4","tintindex":0}}}],"textures":{"4":"modelengine:entity/ladrillo_piedra_liza"},"display":{"head":{"translation":[0.0,-6.4,0.0],"scale":[4.0,4.0,4.0]}}}