{"elements":[{"from":[-4.260355,-8.955881,0.16938877],"to":[-4.203212,3.6155481,3.59796],"rotation":{"angle":0.0,"axis":"y","origin":[-4.231784,-2.670167,1.8836741]},"faces":{"east":{"uv":[0.0,10.6875,8.875,15.6875],"rotation":270,"texture":"#5","tintindex":0},"south":{"uv":[0.0,10.6875,8.875,15.6875],"rotation":270,"texture":"#5","tintindex":0},"north":{"uv":[0.0,10.6875,8.875,15.6875],"rotation":270,"texture":"#5","tintindex":0},"west":{"uv":[0.0,10.6875,8.875,15.6875],"rotation":270,"texture":"#5","tintindex":0},"up":{"uv":[0.0,10.6875,8.344512,15.6875],"rotation":270,"texture":"#5","tintindex":0},"down":{"uv":[0.0,10.6875,8.344512,15.6875],"rotation":270,"texture":"#5","tintindex":0}}}],"textures":{"5":"modelengine:entity/oak_wood"},"display":{"head":{"translation":[0.0,-6.4,0.0],"scale":[4.0,4.0,4.0]}}}