{"elements":[{"from":[-10.819103,-14.176678,-2.0316315],"to":[-10.733391,-3.8909636,3.111226],"rotation":{"angle":0.0,"axis":"y","origin":[-10.776245,-9.033821,0.5397973]},"faces":{"east":{"uv":[0.0,11.5,8.875,13.875],"rotation":270,"texture":"#5","tintindex":0},"south":{"uv":[0.0,11.5,8.875,13.875],"rotation":270,"texture":"#5","tintindex":0},"north":{"uv":[0.0,11.5,8.875,13.875],"rotation":270,"texture":"#5","tintindex":0},"west":{"uv":[0.0,11.5,8.875,13.875],"rotation":270,"texture":"#5","tintindex":0},"up":{"uv":[0.0,11.5,8.344512,13.875],"rotation":270,"texture":"#5","tintindex":0},"down":{"uv":[0.0,11.5,8.344512,13.875],"rotation":270,"texture":"#5","tintindex":0}}}],"textures":{"5":"modelengine:entity/oak_wood"},"display":{"head":{"translation":[0.0,-6.4,0.0],"scale":[4.0,4.0,4.0]}}}