{"elements":[{"from":[8.0,1.7142854,6.285714],"to":[8.057143,14.285715,9.714286],"rotation":{"angle":0.0,"axis":"y","origin":[8.028571,8.0,8.0]},"faces":{"east":{"uv":[0.0,10.6875,8.875,15.6875],"rotation":270,"texture":"#5","tintindex":0},"south":{"uv":[0.0,10.6875,8.875,15.6875],"rotation":270,"texture":"#5","tintindex":0},"north":{"uv":[0.0,10.6875,8.875,15.6875],"rotation":270,"texture":"#5","tintindex":0},"west":{"uv":[0.0,10.6875,8.875,15.6875],"rotation":270,"texture":"#5","tintindex":0},"up":{"uv":[0.0,10.6875,8.344512,15.6875],"rotation":270,"texture":"#5","tintindex":0},"down":{"uv":[0.0,10.6875,8.344512,15.6875],"rotation":270,"texture":"#5","tintindex":0}}}],"textures":{"5":"modelengine:entity/oak_wood"},"display":{"head":{"translation":[0.0,-6.4,0.0],"scale":[4.0,4.0,4.0]}}}