{"elements":[{"from":[-4.546069,-6.7844524,1.3122458],"to":[-4.488926,0.072690964,4.740817],"rotation":{"angle":0.0,"axis":"y","origin":[-4.517498,-3.3558817,3.0265317]},"faces":{"east":{"uv":[0.0,11.5,8.875,13.875],"rotation":270,"texture":"#5","tintindex":0},"south":{"uv":[0.0,11.5,8.875,13.875],"rotation":270,"texture":"#5","tintindex":0},"north":{"uv":[0.0,11.5,8.875,13.875],"rotation":270,"texture":"#5","tintindex":0},"west":{"uv":[0.0,11.5,8.875,13.875],"rotation":270,"texture":"#5","tintindex":0},"up":{"uv":[0.0,11.5,8.344512,13.875],"rotation":270,"texture":"#5","tintindex":0},"down":{"uv":[0.0,11.5,8.344512,13.875],"rotation":270,"texture":"#5","tintindex":0}}}],"textures":{"5":"modelengine:entity/oak_wood"},"display":{"head":{"translation":[0.0,-6.4,0.0],"scale":[4.0,4.0,4.0]}}}