{"elements":[{"from":[22.408573,7.7714286,5.8950853],"to":[22.625713,8.228572,7.952228],"rotation":{"angle":0.0,"axis":"y","origin":[22.517143,8.691702,27.970097]},"faces":{"east":{"uv":[0.0,30.550276,512.0,492.34033],"rotation":0,"texture":"#missing","tintindex":0},"south":{"uv":[0.0,30.550276,512.0,492.34033],"rotation":0,"texture":"#missing","tintindex":0},"north":{"uv":[0.0,30.550276,512.0,492.34033],"rotation":0,"texture":"#missing","tintindex":0},"west":{"uv":[0.0,30.550276,512.0,492.34033],"rotation":0,"texture":"#missing","tintindex":0},"up":{"uv":[0.0,30.550276,512.0,492.34033],"rotation":0,"texture":"#missing","tintindex":0},"down":{"uv":[0.0,30.550276,512.0,492.34033],"rotation":0,"texture":"#missing","tintindex":0}}},{"from":[22.168571,7.542857,7.5906286],"to":[22.854286,8.457143,10.5620575],"rotation":{"angle":0.0,"axis":"y","origin":[22.511429,8.0,9.076344]},"faces":{"east":{"uv":[4.5,5.86875,8.2,10.60625],"rotation":90,"texture":"#2","tintindex":0},"south":{"uv":[4.5,5.86875,8.8625,8.63125],"rotation":0,"texture":"#2","tintindex":0},"north":{"uv":[4.5,5.86875,8.8625,8.63125],"rotation":0,"texture":"#2","tintindex":0},"west":{"uv":[4.5,5.86875,8.325,10.60625],"rotation":90,"texture":"#2","tintindex":0},"up":{"uv":[4.5,5.86875,8.8625,8.66875],"rotation":0,"texture":"#2","tintindex":0},"down":{"uv":[4.5,5.86875,8.55,8.66875],"rotation":0,"texture":"#2","tintindex":0}}},{"from":[-6.62,7.7714286,5.8950853],"to":[-6.402858,8.228572,7.952228],"rotation":{"angle":0.0,"axis":"y","origin":[-6.51143,8.691702,27.970097]},"faces":{"east":{"uv":[0.0,0.9546961,16.0,15.385635],"rotation":0,"texture":"#4","tintindex":0},"south":{"uv":[0.0,0.9546961,16.0,15.385635],"rotation":0,"texture":"#4","tintindex":0},"north":{"uv":[0.160401,0.9546961,0.8822055,6.683881],"rotation":0,"texture":"#4","tintindex":0},"west":{"uv":[0.24060151,0.9546961,1.0426065,6.6036806],"rotation":0,"texture":"#4","tintindex":0},"up":{"uv":[0.160401,0.9546961,0.8822055,6.683881],"rotation":0,"texture":"#4","tintindex":0},"down":{"uv":[0.160401,0.9546961,0.8822055,6.683881],"rotation":0,"texture":"#4","tintindex":0}}},{"from":[-6.8600006,7.542857,7.5906286],"to":[-6.174287,8.457143,10.5620575],"rotation":{"angle":0.0,"axis":"y","origin":[-6.517144,8.0,9.076344]},"faces":{"east":{"uv":[4.5,5.86875,8.2,10.60625],"rotation":90,"texture":"#2","tintindex":0},"south":{"uv":[4.5,5.86875,8.8625,8.63125],"rotation":0,"texture":"#2","tintindex":0},"north":{"uv":[4.5,5.86875,8.8625,8.63125],"rotation":0,"texture":"#2","tintindex":0},"west":{"uv":[4.5,5.86875,8.2,10.60625],"rotation":90,"texture":"#2","tintindex":0},"up":{"uv":[4.5,5.86875,8.8625,8.66875],"rotation":0,"texture":"#2","tintindex":0},"down":{"uv":[4.5,5.86875,8.55,8.66875],"rotation":0,"texture":"#2","tintindex":0}}}],"textures":{"2":"modelengine:entity/bloque_tronco","4":"modelengine:entity/ladrillo_piedra_liza"},"display":{"head":{"translation":[0.0,-6.4,0.0],"scale":[4.0,4.0,4.0]}}}