{"elements":[{"from":[7.4714284,6.2918544,6.0493565],"to":[9.071428,10.177569,9.935071],"rotation":{"angle":0.0,"axis":"y","origin":[8.271429,8.234712,7.9922137]},"faces":{"east":{"uv":[0.15625,0.0625,0.234375,0.140625],"rotation":0,"texture":"#2","tintindex":0},"south":{"uv":[0.21875,0.0625,0.25,0.140625],"rotation":0,"texture":"#2","tintindex":0},"north":{"uv":[0.125,0.0625,0.15625,0.140625],"rotation":0,"texture":"#2","tintindex":0},"west":{"uv":[0.25,0.0625,0.328125,0.140625],"rotation":0,"texture":"#2","tintindex":0},"up":{"uv":[0.15625,0.0625,0.1875,0.140625],"rotation":0,"texture":"#2","tintindex":0},"down":{"uv":[0.1875,0.0,0.21875,0.078125],"rotation":0,"texture":"#2","tintindex":0}}},{"from":[7.0142856,5.1489973,4.906499],"to":[8.842857,11.320426,11.077929],"rotation":{"angle":0.0,"axis":"y","origin":[7.928571,8.234712,7.9922137]},"faces":{"east":{"uv":[15.886547,5.3483686,10.392589,10.965516],"rotation":0,"texture":"#2","tintindex":0},"south":{"uv":[6.909541,12.259617,5.536703,13.867679],"rotation":90,"texture":"#2","tintindex":0},"north":{"uv":[6.909541,12.259617,5.536703,13.867679],"rotation":90,"texture":"#2","tintindex":0},"west":{"uv":[10.348743,5.4159946,15.84871,10.937082],"rotation":0,"texture":"#2","tintindex":0},"up":{"uv":[6.909541,12.259617,5.536703,13.867679],"rotation":90,"texture":"#2","tintindex":0},"down":{"uv":[6.909541,12.259617,5.536703,13.867679],"rotation":90,"texture":"#2","tintindex":0}}},{"from":[7.0142856,3.3775687,6.7922134],"to":[8.842857,11.434711,9.935071],"rotation":{"angle":45.0,"axis":"x","origin":[7.928571,8.234712,9.135071]},"faces":{"east":{"uv":[6.909541,12.259617,5.536703,13.867679],"rotation":90,"texture":"#2","tintindex":0},"south":{"uv":[6.909541,12.259617,5.536703,13.867679],"rotation":90,"texture":"#2","tintindex":0},"north":{"uv":[6.909541,12.259617,5.536703,13.867679],"rotation":90,"texture":"#2","tintindex":0},"west":{"uv":[6.909541,12.259617,5.536703,13.867679],"rotation":90,"texture":"#2","tintindex":0},"up":{"uv":[6.909541,12.259617,5.536703,13.867679],"rotation":90,"texture":"#2","tintindex":0},"down":{"uv":[6.909541,12.259617,5.536703,13.867679],"rotation":90,"texture":"#2","tintindex":0}}},{"from":[7.0142856,4.348997,5.706499],"to":[8.842857,12.463284,8.620785],"rotation":{"angle":-45.0,"axis":"x","origin":[7.928571,9.377569,7.820785]},"faces":{"east":{"uv":[6.909541,12.259617,5.536703,13.867679],"rotation":90,"texture":"#2","tintindex":0},"south":{"uv":[6.909541,12.259617,5.536703,13.867679],"rotation":90,"texture":"#2","tintindex":0},"north":{"uv":[2.9123547,10.699473,7.6710753,12.8007765],"rotation":270,"texture":"#2","tintindex":0},"west":{"uv":[6.909541,12.259617,5.536703,13.867679],"rotation":90,"texture":"#2","tintindex":0},"up":{"uv":[6.909541,12.259617,5.536703,13.867679],"rotation":90,"texture":"#2","tintindex":0},"down":{"uv":[6.909541,12.259617,5.536703,13.867679],"rotation":90,"texture":"#2","tintindex":0}}},{"from":[7.242857,4.2347116,6.0493565],"to":[8.728572,6.7489977,9.935071],"rotation":{"angle":0.0,"axis":"y","origin":[7.9857144,5.4918547,7.9922137]},"faces":{"east":{"uv":[15.9248295,16.0,12.613354,12.488354],"rotation":0,"texture":"#2","tintindex":0},"south":{"uv":[6.909541,12.259617,5.536703,13.867679],"rotation":90,"texture":"#2","tintindex":0},"north":{"uv":[6.909541,12.259617,5.536703,13.867679],"rotation":90,"texture":"#2","tintindex":0},"west":{"uv":[15.9248295,16.0,12.613354,12.488354],"rotation":0,"texture":"#2","tintindex":0},"up":{"uv":[6.909541,12.259617,5.536703,13.867679],"rotation":90,"texture":"#2","tintindex":0},"down":{"uv":[6.909541,12.259617,5.536703,13.867679],"rotation":90,"texture":"#2","tintindex":0}}},{"from":[7.242857,6.2918544,9.477928],"to":[8.728572,10.177569,11.992213],"rotation":{"angle":0.0,"axis":"y","origin":[7.9857144,8.234712,10.735071]},"faces":{"east":{"uv":[12.550854,15.9248295,16.0,12.457104],"rotation":90,"texture":"#2","tintindex":0},"south":{"uv":[6.909541,12.259617,5.536703,13.867679],"rotation":90,"texture":"#2","tintindex":0},"north":{"uv":[2.7921093,12.7615795,8.188023,10.685707],"rotation":90,"texture":"#2","tintindex":0},"west":{"uv":[12.550854,15.9248295,16.0,12.457104],"rotation":90,"texture":"#2","tintindex":0},"up":{"uv":[6.909541,12.259617,5.536703,13.867679],"rotation":90,"texture":"#2","tintindex":0},"down":{"uv":[6.909541,12.259617,5.536703,13.867679],"rotation":90,"texture":"#2","tintindex":0}}},{"from":[7.242857,6.2918544,3.9922132],"to":[8.728572,10.177569,6.5064993],"rotation":{"angle":0.0,"axis":"y","origin":[7.9857144,8.234712,5.2493563]},"faces":{"east":{"uv":[16.0,12.457104,12.550854,15.9248295],"rotation":90,"texture":"#2","tintindex":0},"south":{"uv":[2.8819423,12.671746,8.056914,10.709986],"rotation":90,"texture":"#2","tintindex":0},"north":{"uv":[6.909541,12.259617,5.536703,13.867679],"rotation":90,"texture":"#2","tintindex":0},"west":{"uv":[16.0,12.457104,12.550854,15.9248295],"rotation":90,"texture":"#2","tintindex":0},"up":{"uv":[7.847041,10.759617,2.9742033,12.867679],"rotation":90,"texture":"#2","tintindex":0},"down":{"uv":[2.7921093,12.7615795,8.188023,10.685707],"rotation":90,"texture":"#2","tintindex":0}}},{"from":[7.242857,6.063283,6.0493565],"to":[8.728572,12.234713,9.935071],"rotation":{"angle":0.0,"axis":"y","origin":[7.9857144,9.148997,7.9922137]},"faces":{"east":{"uv":[15.9248295,12.488354,12.613354,16.0],"rotation":0,"texture":"#2","tintindex":0},"south":{"uv":[6.909541,12.259617,5.536703,13.867679],"rotation":90,"texture":"#2","tintindex":0},"north":{"uv":[6.909541,12.259617,5.536703,13.867679],"rotation":90,"texture":"#2","tintindex":0},"west":{"uv":[15.9248295,12.488354,12.613354,16.0],"rotation":0,"texture":"#2","tintindex":0},"up":{"uv":[6.909541,12.259617,5.536703,13.867679],"rotation":90,"texture":"#2","tintindex":0},"down":{"uv":[6.909541,12.259617,5.536703,13.867679],"rotation":90,"texture":"#2","tintindex":0}}}],"textures":{"2":"modelengine:entity/bloque_tronco"},"display":{"head":{"translation":[0.0,-6.4,0.0],"scale":[4.0,4.0,4.0]}}}