{"elements":[{"from":[7.7619047,6.390476,6.0857143],"to":[8.733334,10.219048,9.914286],"rotation":{"angle":0.0,"axis":"y","origin":[7.9619045,8.304762,8.0]},"faces":{"east":{"uv":[0.15625,0.0625,0.234375,0.140625],"rotation":0,"texture":"#1","tintindex":0},"south":{"uv":[0.21875,0.0625,0.25,0.140625],"rotation":0,"texture":"#1","tintindex":0},"north":{"uv":[0.125,0.0625,0.15625,0.140625],"rotation":0,"texture":"#1","tintindex":0},"west":{"uv":[0.25,0.0625,0.328125,0.140625],"rotation":0,"texture":"#1","tintindex":0},"up":{"uv":[0.15625,0.0625,0.1875,0.140625],"rotation":0,"texture":"#1","tintindex":0},"down":{"uv":[0.1875,0.0,0.21875,0.078125],"rotation":0,"texture":"#1","tintindex":0}}},{"from":[7.304762,5.2476187,4.942857],"to":[8.504762,11.361905,11.057143],"rotation":{"angle":0.0,"axis":"y","origin":[7.6190476,8.304762,8.0]},"faces":{"east":{"uv":[10.715834,5.2233686,5.221875,10.840516],"rotation":0,"texture":"#1","tintindex":0},"south":{"uv":[0.2670713,9.614573,5.1229086,11.806433],"rotation":90,"texture":"#1","tintindex":0},"north":{"uv":[0.24164139,9.636973,5.000362,11.7382765],"rotation":270,"texture":"#1","tintindex":0},"west":{"uv":[5.1780305,5.2909946,10.677997,10.812082],"rotation":0,"texture":"#1","tintindex":0},"up":{"uv":[5.1776004,11.725582,0.24164139,9.689833],"rotation":90,"texture":"#1","tintindex":0},"down":{"uv":[0.32218853,11.579481,5.139179,9.784522],"rotation":90,"texture":"#1","tintindex":0}}},{"from":[7.5333333,4.333333,6.0857143],"to":[8.390476,6.7904763,9.914286],"rotation":{"angle":0.0,"axis":"y","origin":[7.6761904,5.5619044,8.0]},"faces":{"east":{"uv":[9.628794,13.40625,6.317318,9.894604],"rotation":0,"texture":"#1","tintindex":0},"south":{"uv":[1.8120922,11.71378,5.0044956,9.6285095],"rotation":270,"texture":"#1","tintindex":0},"north":{"uv":[0.36841807,11.792413,5.1617603,9.451271],"rotation":90,"texture":"#1","tintindex":0},"west":{"uv":[9.628794,13.40625,6.317318,9.894604],"rotation":0,"texture":"#1","tintindex":0},"up":{"uv":[5.227314,9.6437025,0.1966616,11.751764],"rotation":90,"texture":"#1","tintindex":0},"down":{"uv":[0.30740705,9.510167,5.102551,11.756933],"rotation":90,"texture":"#1","tintindex":0}}},{"from":[7.5333333,6.390476,9.514286],"to":[8.390476,10.219048,11.971429],"rotation":{"angle":0.0,"axis":"y","origin":[7.6761904,8.304762,10.742857]},"faces":{"east":{"uv":[6.254818,13.3310795,9.703964,9.863354],"rotation":90,"texture":"#1","tintindex":0},"south":{"uv":[0.37147194,11.662661,5.2793727,9.7009],"rotation":90,"texture":"#1","tintindex":0},"north":{"uv":[0.12139606,11.6990795,5.517309,9.623207],"rotation":90,"texture":"#1","tintindex":0},"west":{"uv":[6.254818,13.3310795,9.703964,9.863354],"rotation":90,"texture":"#1","tintindex":0},"up":{"uv":[5.1763277,9.697117,0.30349013,11.805179],"rotation":90,"texture":"#1","tintindex":0},"down":{"uv":[0.38846737,11.63217,5.576935,9.733536],"rotation":90,"texture":"#1","tintindex":0}}},{"from":[7.5333333,6.390476,4.028571],"to":[8.390476,10.219048,6.485714],"rotation":{"angle":0.0,"axis":"y","origin":[7.6761904,8.304762,5.2571425]},"faces":{"east":{"uv":[9.703964,9.863354,6.254818,13.3310795],"rotation":90,"texture":"#1","tintindex":0},"south":{"uv":[0.21122913,11.609246,5.3862014,9.647486],"rotation":90,"texture":"#1","tintindex":0},"north":{"uv":[0.12139606,11.6990795,5.517309,9.623207],"rotation":90,"texture":"#1","tintindex":0},"west":{"uv":[9.703964,9.863354,6.254818,13.3310795],"rotation":90,"texture":"#1","tintindex":0},"up":{"uv":[5.1763277,9.697117,0.30349013,11.805179],"rotation":90,"texture":"#1","tintindex":0},"down":{"uv":[0.12139606,11.6990795,5.517309,9.623207],"rotation":90,"texture":"#1","tintindex":0}}},{"from":[7.5333333,6.161905,6.0857143],"to":[8.390476,12.276191,9.914286],"rotation":{"angle":0.0,"axis":"y","origin":[7.6761904,9.219048,8.0]},"faces":{"east":{"uv":[9.628794,9.894604,6.317318,13.40625],"rotation":0,"texture":"#1","tintindex":0},"south":{"uv":[0.15625,4.187538,4.840336,6.284949],"rotation":270,"texture":"#1","tintindex":0},"north":{"uv":[0.27435508,4.4206185,4.85404,6.3587255],"rotation":270,"texture":"#1","tintindex":0},"west":{"uv":[9.628794,9.894604,6.317318,13.40625],"rotation":0,"texture":"#1","tintindex":0},"up":{"uv":[5.1763277,9.697117,0.30349013,11.805179],"rotation":90,"texture":"#1","tintindex":0},"down":{"uv":[7.8582416,9.437329,13.329287,12.867982],"rotation":0,"texture":"#1","tintindex":0}}}],"textures":{"1":"modelengine:entity/bloqueslizos"},"display":{"head":{"translation":[0.0,-6.4,0.0],"scale":[4.0,4.0,4.0]}}}