{"elements":[{"from":[7.785714,-15.657146,7.49],"to":[9.5,32.0,8.861428],"rotation":{"angle":0.0,"axis":"y","origin":[-34.728573,-42.742863,29.432858]},"faces":{"east":{"uv":[0.875,2.2368422,0.0,12.461153],"rotation":0,"texture":"#9","tintindex":0},"south":{"uv":[0.0,2.2368422,0.875,12.461153],"rotation":0,"texture":"#9","tintindex":0},"north":{"uv":[0.0,2.2368422,0.875,12.461153],"rotation":0,"texture":"#9","tintindex":0},"west":{"uv":[0.875,2.2368422,0.0,12.461153],"rotation":0,"texture":"#9","tintindex":0},"up":{"uv":[0.0,12.461153,0.875,2.2368422],"rotation":0,"texture":"#9","tintindex":0},"down":{"uv":[0.0,12.461153,0.875,2.2368422],"rotation":0,"texture":"#9","tintindex":0}}},{"from":[2.2999997,3.199996,7.472857],"to":[14.642858,32.0,7.472857],"rotation":{"angle":0.0,"axis":"y","origin":[-34.728573,-42.742863,29.432858]},"faces":{"east":{"uv":[0.32786885,0.0,15.737705,15.7827425],"rotation":0,"texture":"#10","tintindex":0},"south":{"uv":[0.32786885,0.0,15.737705,15.7827425],"rotation":0,"texture":"#10","tintindex":0},"north":{"uv":[0.32786885,0.0,15.737705,15.7827425],"rotation":0,"texture":"#10","tintindex":0},"west":{"uv":[0.32786885,0.0,15.737705,15.503469],"rotation":0,"texture":"#10","tintindex":0},"up":{"uv":[0.32786885,0.0,15.737705,15.503469],"rotation":0,"texture":"#10","tintindex":0},"down":{"uv":[0.6557377,0.0,15.672132,15.503469],"rotation":0,"texture":"#10","tintindex":0}}},{"from":[6.074857,-14.968006,7.8362856],"to":[8.810857,-13.260576,8.515142],"rotation":{"angle":0.0,"axis":"y","origin":[-34.728573,-42.742863,29.432858]},"faces":{"east":{"uv":[1.3525,0.0,0.0,0.95875],"rotation":0,"texture":"#11","tintindex":0},"south":{"uv":[1.3525,0.0,0.0,0.95875],"rotation":0,"texture":"#11","tintindex":0},"north":{"uv":[1.3525,0.0,0.0,0.95875],"rotation":0,"texture":"#11","tintindex":0},"west":{"uv":[1.3525,0.0,0.0,0.95875],"rotation":0,"texture":"#11","tintindex":0},"up":{"uv":[1.3525,0.0,0.0,0.95875],"rotation":0,"texture":"#11","tintindex":0},"down":{"uv":[1.3525,0.0,0.0,0.95875],"rotation":0,"texture":"#11","tintindex":0}}},{"from":[6.074857,-12.568005,7.8362856],"to":[8.810857,-10.860577,8.515142],"rotation":{"angle":0.0,"axis":"y","origin":[-34.728573,-42.742863,29.432858]},"faces":{"east":{"uv":[1.3525,0.0,0.0,0.95875],"rotation":0,"texture":"#11","tintindex":0},"south":{"uv":[1.3525,0.0,0.0,0.95875],"rotation":0,"texture":"#11","tintindex":0},"north":{"uv":[1.3525,0.0,0.0,0.95875],"rotation":0,"texture":"#11","tintindex":0},"west":{"uv":[1.3525,0.0,0.0,0.95875],"rotation":0,"texture":"#11","tintindex":0},"up":{"uv":[1.3525,0.0,0.0,0.95875],"rotation":0,"texture":"#11","tintindex":0},"down":{"uv":[1.3525,0.0,0.0,0.95875],"rotation":0,"texture":"#11","tintindex":0}}}],"textures":{"9":"modelengine:entity/vaya_pila","10":"modelengine:entity/estandarte","11":"modelengine:entity/tablones_pila"},"display":{"head":{"translation":[0.0,25.65716,0.0],"scale":[4.0,4.0,4.0]}}}