{"elements":[{"from":[7.885714,7.795729,7.7714286],"to":[8.114285,8.2528715,10.971429],"rotation":{"angle":0.0,"axis":"y","origin":[8.571428,-13.852873,8.0]},"faces":{"east":{"uv":[6.90625,5.86875,7.33125,10.3375],"rotation":0,"texture":"#2","tintindex":0},"south":{"uv":[6.90625,5.86875,7.33125,10.3375],"rotation":0,"texture":"#2","tintindex":0},"north":{"uv":[6.90625,5.86875,7.33125,10.3375],"rotation":0,"texture":"#2","tintindex":0},"west":{"uv":[6.90625,5.86875,7.33125,10.3375],"rotation":0,"texture":"#2","tintindex":0},"up":{"uv":[6.90625,5.86875,7.33125,10.375],"rotation":0,"texture":"#2","tintindex":0},"down":{"uv":[6.90625,5.86875,7.33125,10.375],"rotation":0,"texture":"#2","tintindex":0}}},{"from":[7.885714,7.747128,5.028571],"to":[8.114285,8.204271,8.228572],"rotation":{"angle":0.0,"axis":"y","origin":[8.571428,-13.852873,8.0]},"faces":{"east":{"uv":[6.90625,5.86875,7.33125,10.3375],"rotation":0,"texture":"#2","tintindex":0},"south":{"uv":[6.90625,5.86875,7.33125,10.3375],"rotation":0,"texture":"#2","tintindex":0},"north":{"uv":[6.90625,5.86875,7.33125,10.3375],"rotation":0,"texture":"#2","tintindex":0},"west":{"uv":[6.90625,5.86875,7.33125,10.3375],"rotation":0,"texture":"#2","tintindex":0},"up":{"uv":[6.90625,5.86875,7.33125,10.375],"rotation":0,"texture":"#2","tintindex":0},"down":{"uv":[6.90625,5.86875,7.33125,10.375],"rotation":0,"texture":"#2","tintindex":0}}}],"textures":{"2":"modelengine:entity/bloque_tronco"},"display":{"head":{"translation":[0.0,-6.4,0.0],"scale":[4.0,4.0,4.0]}}}