{"elements":[{"from":[7.540198,9.182889,7.6504536],"to":[8.454483,9.411461,8.336168],"rotation":{"angle":0.0,"axis":"y","origin":[7.9973407,9.297174,7.993311]},"faces":{"east":{"uv":[1.7050245,5.625,3.6185539,7.386675],"rotation":90,"texture":"#0","tintindex":0},"south":{"uv":[5.1628118,6.40625,11.986285,7.4289074],"rotation":0,"texture":"#0","tintindex":0},"north":{"uv":[5.1628118,6.40625,11.986285,7.4289074],"rotation":0,"texture":"#0","tintindex":0},"west":{"uv":[1.7050245,5.625,3.6185539,7.386675],"rotation":90,"texture":"#0","tintindex":0},"up":{"uv":[5.1628118,5.5625,11.986285,7.4289074],"rotation":0,"texture":"#0","tintindex":0},"down":{"uv":[2.069062,5.5625,11.986285,7.4289074],"rotation":0,"texture":"#0","tintindex":0}}},{"from":[7.5441866,5.5228415,7.6604877],"to":[7.7727585,9.179984,8.346202],"rotation":{"angle":0.0,"axis":"y","origin":[7.6584725,7.351413,8.003345]},"faces":{"east":{"uv":[1.7050245,5.625,11.931054,7.417925],"rotation":90,"texture":"#0","tintindex":0},"south":{"uv":[1.7050245,6.3375,11.931054,7.417925],"rotation":90,"texture":"#0","tintindex":0},"north":{"uv":[1.7050245,6.3375,11.931054,7.417925],"rotation":90,"texture":"#0","tintindex":0},"west":{"uv":[1.7050245,5.625,11.931054,7.417925],"rotation":90,"texture":"#0","tintindex":0},"up":{"uv":[2.069062,5.6817865,11.810469,7.3177595],"rotation":90,"texture":"#0","tintindex":0},"down":{"uv":[2.069062,5.6817865,11.810469,7.3177595],"rotation":90,"texture":"#0","tintindex":0}}},{"from":[8.229901,5.5228415,7.6604877],"to":[8.458472,9.179984,8.346202],"rotation":{"angle":0.0,"axis":"y","origin":[8.344187,7.351413,8.003345]},"faces":{"east":{"uv":[1.7050245,5.625,11.931054,7.417925],"rotation":90,"texture":"#0","tintindex":0},"south":{"uv":[1.7050245,6.3375,11.931054,7.417925],"rotation":90,"texture":"#0","tintindex":0},"north":{"uv":[1.7050245,6.3375,11.931054,7.417925],"rotation":90,"texture":"#0","tintindex":0},"west":{"uv":[1.7050245,5.625,11.931054,7.417925],"rotation":90,"texture":"#0","tintindex":0},"up":{"uv":[2.069062,5.6817865,11.810469,7.3177595],"rotation":90,"texture":"#0","tintindex":0},"down":{"uv":[2.069062,5.6817865,11.810469,7.3177595],"rotation":90,"texture":"#0","tintindex":0}}}],"textures":{"0":"modelengine:entity/tablones_fila"},"display":{"head":{"translation":[0.0,-6.4,0.0],"scale":[4.0,4.0,4.0]}}}