{"elements":[{"from":[7.7414284,7.257143,7.6664915],"to":[8.084286,12.057143,8.352205],"rotation":{"angle":0.0,"axis":"y","origin":[7.912857,7.257143,39.881042]},"faces":{"east":{"uv":[6.90625,5.86875,7.33125,10.3375],"rotation":0,"texture":"#2","tintindex":0},"south":{"uv":[6.90625,5.86875,7.33125,10.3375],"rotation":0,"texture":"#2","tintindex":0},"north":{"uv":[6.90625,5.86875,7.33125,10.3375],"rotation":0,"texture":"#2","tintindex":0},"west":{"uv":[6.90625,5.86875,7.33125,10.3375],"rotation":0,"texture":"#2","tintindex":0},"up":{"uv":[6.90625,5.86875,7.33125,10.375],"rotation":0,"texture":"#2","tintindex":0},"down":{"uv":[6.90625,5.86875,7.33125,10.375],"rotation":0,"texture":"#2","tintindex":0}}},{"from":[7.655714,6.0571427,5.938183],"to":[8.427143,9.828571,9.709612],"rotation":{"angle":0.0,"axis":"y","origin":[8.084286,7.9428573,7.8238974]},"faces":{"east":{"uv":[1.1669173,0.8461153,9.842896,6.6981516],"rotation":0,"texture":"#4","tintindex":0},"south":{"uv":[0.0,8.260652,6.879433,8.899655],"rotation":0,"texture":"#4","tintindex":0},"north":{"uv":[0.0,8.140351,7.0237937,8.979856],"rotation":0,"texture":"#4","tintindex":0},"west":{"uv":[1.2631578,0.9263158,9.842896,6.6981516],"rotation":0,"texture":"#4","tintindex":0},"up":{"uv":[0.0,8.2205515,6.755122,8.75217],"rotation":0,"texture":"#4","tintindex":0},"down":{"uv":[0.0,8.2205515,6.8313127,8.82836],"rotation":0,"texture":"#4","tintindex":0}}},{"from":[7.7414284,7.6,7.6524687],"to":[8.084286,8.285714,12.452469],"rotation":{"angle":0.0,"axis":"y","origin":[25.57,-11.94286,-23.89039]},"faces":{"east":{"uv":[6.90625,5.86875,6.95,5.875],"rotation":0,"texture":"#2","tintindex":0},"south":{"uv":[6.90625,5.86875,6.909375,5.875],"rotation":0,"texture":"#2","tintindex":0},"north":{"uv":[6.90625,5.86875,6.909375,5.875],"rotation":0,"texture":"#2","tintindex":0},"west":{"uv":[6.90625,5.86875,6.95,5.875],"rotation":0,"texture":"#2","tintindex":0},"up":{"uv":[6.90625,5.86875,6.909375,5.9125],"rotation":0,"texture":"#2","tintindex":0},"down":{"uv":[6.90625,5.86875,6.909375,5.9125],"rotation":0,"texture":"#2","tintindex":0}}},{"from":[7.7414284,4.1714287,7.6664915],"to":[8.084286,8.971429,8.352205],"rotation":{"angle":0.0,"axis":"y","origin":[7.912857,4.8571424,39.366753]},"faces":{"east":{"uv":[6.90625,5.86875,7.33125,10.3375],"rotation":0,"texture":"#2","tintindex":0},"south":{"uv":[6.90625,5.86875,7.33125,10.3375],"rotation":0,"texture":"#2","tintindex":0},"north":{"uv":[6.90625,5.86875,7.33125,10.3375],"rotation":0,"texture":"#2","tintindex":0},"west":{"uv":[6.90625,5.86875,7.33125,10.3375],"rotation":0,"texture":"#2","tintindex":0},"up":{"uv":[6.90625,5.86875,7.33125,10.375],"rotation":0,"texture":"#2","tintindex":0},"down":{"uv":[6.90625,5.86875,7.33125,10.375],"rotation":0,"texture":"#2","tintindex":0}}},{"from":[7.7414284,7.6,3.8810396],"to":[8.084286,8.285714,8.68104],"rotation":{"angle":0.0,"axis":"y","origin":[25.57,-11.94286,-23.89039]},"faces":{"east":{"uv":[6.90625,5.86875,7.33125,10.3375],"rotation":0,"texture":"#2","tintindex":0},"south":{"uv":[6.90625,5.86875,7.33125,10.3375],"rotation":0,"texture":"#2","tintindex":0},"north":{"uv":[6.90625,5.86875,7.33125,10.3375],"rotation":0,"texture":"#2","tintindex":0},"west":{"uv":[6.90625,5.86875,7.33125,10.3375],"rotation":0,"texture":"#2","tintindex":0},"up":{"uv":[6.90625,5.86875,7.33125,10.375],"rotation":0,"texture":"#2","tintindex":0},"down":{"uv":[6.90625,5.86875,7.33125,10.375],"rotation":0,"texture":"#2","tintindex":0}}},{"from":[7.7585716,6.742857,6.623897],"to":[8.77,9.142858,9.023897],"rotation":{"angle":0.0,"axis":"y","origin":[-6.658572,-11.94286,-23.89039]},"faces":{"east":{"uv":[0.0,0.0,12.813855,7.042544],"rotation":0,"texture":"#4","tintindex":0},"south":{"uv":[0.0,0.0,12.801199,7.042544],"rotation":0,"texture":"#4","tintindex":0},"north":{"uv":[0.0,0.0,12.801199,7.042544],"rotation":0,"texture":"#4","tintindex":0},"west":{"uv":[0.0,0.0,12.813855,7.042544],"rotation":0,"texture":"#4","tintindex":0},"up":{"uv":[0.0,0.0,12.801199,7.0394187],"rotation":0,"texture":"#4","tintindex":0},"down":{"uv":[0.0,0.0,12.801199,7.0394187],"rotation":0,"texture":"#4","tintindex":0}}}],"textures":{"2":"modelengine:entity/bloque_tronco","4":"modelengine:entity/ladrillo_piedra_liza"},"display":{"head":{"translation":[0.0,-6.4,0.0],"scale":[4.0,4.0,4.0]}}}