{"elements":[{"from":[7.6142855,6.1142855,5.942857],"to":[8.385715,9.885715,9.714286],"rotation":{"angle":0.0,"axis":"y","origin":[7.957143,8.0,7.8285713]},"faces":{"east":{"uv":[1.1669173,0.8461153,9.842896,6.6981516],"rotation":0,"texture":"#4","tintindex":0},"south":{"uv":[0.0,8.260652,6.879433,8.899655],"rotation":0,"texture":"#4","tintindex":0},"north":{"uv":[0.0,8.140351,7.0237937,8.979856],"rotation":0,"texture":"#4","tintindex":0},"west":{"uv":[1.2631578,0.9263158,9.842896,6.6981516],"rotation":0,"texture":"#4","tintindex":0},"up":{"uv":[0.0,8.2205515,6.755122,8.75217],"rotation":0,"texture":"#4","tintindex":0},"down":{"uv":[0.0,8.2205515,6.8313127,8.82836],"rotation":0,"texture":"#4","tintindex":0}}},{"from":[7.957143,7.6571426,3.885714],"to":[8.3,8.342857,8.685715],"rotation":{"angle":0.0,"axis":"y","origin":[27.157145,-12.228573,-23.885715]},"faces":{"east":{"uv":[6.90625,5.86875,7.33125,10.3375],"rotation":0,"texture":"#2","tintindex":0},"south":{"uv":[6.90625,5.86875,7.33125,10.3375],"rotation":0,"texture":"#2","tintindex":0},"north":{"uv":[6.90625,5.86875,7.33125,10.3375],"rotation":0,"texture":"#2","tintindex":0},"west":{"uv":[6.90625,5.86875,7.33125,10.3375],"rotation":0,"texture":"#2","tintindex":0},"up":{"uv":[6.90625,5.86875,7.33125,10.375],"rotation":0,"texture":"#2","tintindex":0},"down":{"uv":[6.90625,5.86875,7.33125,10.375],"rotation":0,"texture":"#2","tintindex":0}}},{"from":[7.957143,7.6571426,7.6571426],"to":[8.3,8.342857,12.457144],"rotation":{"angle":0.0,"axis":"y","origin":[27.157145,-12.228573,-23.885715]},"faces":{"east":{"uv":[6.90625,5.86875,7.33125,10.3375],"rotation":0,"texture":"#2","tintindex":0},"south":{"uv":[6.90625,5.86875,7.33125,10.3375],"rotation":0,"texture":"#2","tintindex":0},"north":{"uv":[6.90625,5.86875,7.33125,10.3375],"rotation":0,"texture":"#2","tintindex":0},"west":{"uv":[6.90625,5.86875,7.33125,10.3375],"rotation":0,"texture":"#2","tintindex":0},"up":{"uv":[6.90625,5.86875,7.33125,10.375],"rotation":0,"texture":"#2","tintindex":0},"down":{"uv":[6.90625,5.86875,7.33125,10.375],"rotation":0,"texture":"#2","tintindex":0}}},{"from":[7.2714286,6.8,6.6285715],"to":[8.3,9.2,9.028571],"rotation":{"angle":0.0,"axis":"y","origin":[27.157145,-12.228573,-23.885715]},"faces":{"east":{"uv":[0.0,0.0,12.813855,7.042544],"rotation":0,"texture":"#4","tintindex":0},"south":{"uv":[0.0,0.0,12.801355,7.042544],"rotation":0,"texture":"#4","tintindex":0},"north":{"uv":[0.0,0.0,12.801355,7.042544],"rotation":0,"texture":"#4","tintindex":0},"west":{"uv":[0.0,0.0,12.813855,7.042544],"rotation":0,"texture":"#4","tintindex":0},"up":{"uv":[0.0,0.0,12.801355,7.0394187],"rotation":0,"texture":"#4","tintindex":0},"down":{"uv":[0.0,0.0,12.801355,7.0394187],"rotation":0,"texture":"#4","tintindex":0}}}],"textures":{"2":"modelengine:entity/bloque_tronco","4":"modelengine:entity/ladrillo_piedra_liza"},"display":{"head":{"translation":[0.0,-6.4,0.0],"scale":[4.0,4.0,4.0]}}}