{"elements":[{"from":[7.827619,7.5047617,7.777661],"to":[8.0561905,10.7047615,8.234804],"rotation":{"angle":0.0,"axis":"y","origin":[7.9419045,7.5047617,29.254026]},"faces":{"east":{"uv":[6.90625,5.86875,7.33125,10.3375],"rotation":0,"texture":"#2","tintindex":0},"south":{"uv":[6.90625,5.86875,7.33125,10.3375],"rotation":0,"texture":"#2","tintindex":0},"north":{"uv":[6.90625,5.86875,7.33125,10.3375],"rotation":0,"texture":"#2","tintindex":0},"west":{"uv":[6.90625,5.86875,7.33125,10.3375],"rotation":0,"texture":"#2","tintindex":0},"up":{"uv":[6.90625,5.86875,7.33125,10.375],"rotation":0,"texture":"#2","tintindex":0},"down":{"uv":[6.90625,5.86875,7.33125,10.375],"rotation":0,"texture":"#2","tintindex":0}}},{"from":[7.7704763,6.704762,6.625455],"to":[8.284761,9.219048,9.139741],"rotation":{"angle":0.0,"axis":"y","origin":[8.0561905,7.9619045,7.882598]},"faces":{"east":{"uv":[1.1669173,0.8461153,9.842896,6.6981516],"rotation":0,"texture":"#4","tintindex":0},"south":{"uv":[0.0,8.260652,6.879433,8.899655],"rotation":0,"texture":"#4","tintindex":0},"north":{"uv":[0.0,8.140351,7.0237937,8.979856],"rotation":0,"texture":"#4","tintindex":0},"west":{"uv":[1.2631578,0.9263158,9.842896,6.6981516],"rotation":0,"texture":"#4","tintindex":0},"up":{"uv":[0.0,8.2205515,6.755122,8.75217],"rotation":0,"texture":"#4","tintindex":0},"down":{"uv":[0.0,8.2205515,6.8313127,8.82836],"rotation":0,"texture":"#4","tintindex":0}}},{"from":[7.827619,7.733333,7.7683125],"to":[8.0561905,8.190476,10.968312],"rotation":{"angle":0.0,"axis":"y","origin":[19.713333,-5.2952385,-13.26026]},"faces":{"east":{"uv":[6.90625,5.86875,6.95,5.875],"rotation":0,"texture":"#2","tintindex":0},"south":{"uv":[6.90625,5.86875,6.909375,5.875],"rotation":0,"texture":"#2","tintindex":0},"north":{"uv":[6.90625,5.86875,6.909375,5.875],"rotation":0,"texture":"#2","tintindex":0},"west":{"uv":[6.90625,5.86875,6.95,5.875],"rotation":0,"texture":"#2","tintindex":0},"up":{"uv":[6.90625,5.86875,6.909375,5.9125],"rotation":0,"texture":"#2","tintindex":0},"down":{"uv":[6.90625,5.86875,6.909375,5.9125],"rotation":0,"texture":"#2","tintindex":0}}},{"from":[7.827619,5.447619,7.777661],"to":[8.0561905,8.647619,8.234804],"rotation":{"angle":0.0,"axis":"y","origin":[7.9419045,5.904762,28.911171]},"faces":{"east":{"uv":[6.90625,5.86875,7.33125,10.3375],"rotation":0,"texture":"#2","tintindex":0},"south":{"uv":[6.90625,5.86875,7.33125,10.3375],"rotation":0,"texture":"#2","tintindex":0},"north":{"uv":[6.90625,5.86875,7.33125,10.3375],"rotation":0,"texture":"#2","tintindex":0},"west":{"uv":[6.90625,5.86875,7.33125,10.3375],"rotation":0,"texture":"#2","tintindex":0},"up":{"uv":[6.90625,5.86875,7.33125,10.375],"rotation":0,"texture":"#2","tintindex":0},"down":{"uv":[6.90625,5.86875,7.33125,10.375],"rotation":0,"texture":"#2","tintindex":0}}},{"from":[7.827619,7.733333,5.2540264],"to":[8.0561905,8.190476,8.454027],"rotation":{"angle":0.0,"axis":"y","origin":[19.713333,-5.2952385,-13.26026]},"faces":{"east":{"uv":[6.90625,5.86875,7.33125,10.3375],"rotation":0,"texture":"#2","tintindex":0},"south":{"uv":[6.90625,5.86875,7.33125,10.3375],"rotation":0,"texture":"#2","tintindex":0},"north":{"uv":[6.90625,5.86875,7.33125,10.3375],"rotation":0,"texture":"#2","tintindex":0},"west":{"uv":[6.90625,5.86875,7.33125,10.3375],"rotation":0,"texture":"#2","tintindex":0},"up":{"uv":[6.90625,5.86875,7.33125,10.375],"rotation":0,"texture":"#2","tintindex":0},"down":{"uv":[6.90625,5.86875,7.33125,10.375],"rotation":0,"texture":"#2","tintindex":0}}},{"from":[7.8390474,7.161905,7.082598],"to":[8.513333,8.761905,8.682598],"rotation":{"angle":0.0,"axis":"y","origin":[-1.7723818,-5.2952385,-13.26026]},"faces":{"east":{"uv":[0.0,0.0,12.813855,7.042544],"rotation":0,"texture":"#4","tintindex":0},"south":{"uv":[0.0,0.0,12.801199,7.042544],"rotation":0,"texture":"#4","tintindex":0},"north":{"uv":[0.0,0.0,12.801199,7.042544],"rotation":0,"texture":"#4","tintindex":0},"west":{"uv":[0.0,0.0,12.813855,7.042544],"rotation":0,"texture":"#4","tintindex":0},"up":{"uv":[0.0,0.0,12.801199,7.0394187],"rotation":0,"texture":"#4","tintindex":0},"down":{"uv":[0.0,0.0,12.801199,7.0394187],"rotation":0,"texture":"#4","tintindex":0}}}],"textures":{"2":"modelengine:entity/bloque_tronco","4":"modelengine:entity/ladrillo_piedra_liza"},"display":{"head":{"translation":[0.0,-6.4,0.0],"scale":[4.0,4.0,4.0]}}}