{"elements":[{"from":[7.4857144,8.228706,7.8041835],"to":[8.514286,12.342993,8.832755],"rotation":{"angle":0.0,"axis":"y","origin":[8.0,7.714421,8.318469]},"faces":{"east":{"uv":[7.073542,2.085372,9.004172,12.010423],"rotation":0,"texture":"#6","tintindex":0},"south":{"uv":[7.073542,2.085372,9.004172,12.010423],"rotation":0,"texture":"#6","tintindex":0},"north":{"uv":[7.073542,2.085372,9.004172,12.010423],"rotation":0,"texture":"#6","tintindex":0},"west":{"uv":[7.073542,2.085372,9.004172,12.010423],"rotation":0,"texture":"#6","tintindex":0},"up":{"uv":[7.0349364,2.085372,7.931786,3.9406836],"rotation":0,"texture":"#6","tintindex":0},"down":{"uv":[7.073542,2.085372,9.004172,12.047922],"rotation":0,"texture":"#6","tintindex":0}}}],"textures":{"6":"modelengine:entity/palanca"},"display":{"head":{"translation":[0.0,-6.4,0.0],"scale":[4.0,4.0,4.0]}}}