{"elements":[{"from":[7.6571426,8.152472,7.869456],"to":[8.342857,10.8953285,8.55517],"rotation":{"angle":0.0,"axis":"y","origin":[8.0,7.8096137,8.212313]},"faces":{"east":{"uv":[7.073542,2.085372,9.004172,12.010423],"rotation":0,"texture":"#6","tintindex":0},"south":{"uv":[7.073542,2.085372,9.004172,12.010423],"rotation":0,"texture":"#6","tintindex":0},"north":{"uv":[7.073542,2.085372,9.004172,12.010423],"rotation":0,"texture":"#6","tintindex":0},"west":{"uv":[7.073542,2.085372,9.004172,12.010423],"rotation":0,"texture":"#6","tintindex":0},"up":{"uv":[7.0349364,2.085372,7.931786,3.9406836],"rotation":0,"texture":"#6","tintindex":0},"down":{"uv":[7.073542,2.085372,9.004172,12.047922],"rotation":0,"texture":"#6","tintindex":0}}}],"textures":{"6":"modelengine:entity/palanca"},"display":{"head":{"translation":[0.0,-6.4,0.0],"scale":[4.0,4.0,4.0]}}}