{"elements":[{"from":[15.763262,2.0114279,-12.434284],"to":[19.968975,6.2171426,32.0],"rotation":{"angle":0.0,"axis":"x","origin":[17.012936,3.4285712,-9.133894]},"faces":{"east":{"uv":[1.7050245,5.625,11.876075,7.5072794],"rotation":0,"texture":"#0","tintindex":0},"south":{"uv":[1.6737745,5.5335674,3.6810539,7.3327427],"rotation":90,"texture":"#0","tintindex":0},"north":{"uv":[1.6737745,5.5335674,3.6810539,7.3327427],"rotation":90,"texture":"#0","tintindex":0},"west":{"uv":[1.7050245,5.625,11.876075,7.5072794],"rotation":0,"texture":"#0","tintindex":0},"up":{"uv":[1.6737745,5.5648174,11.962304,7.4202423],"rotation":270,"texture":"#0","tintindex":0},"down":{"uv":[1.6737745,5.5648174,11.962304,7.4202423],"rotation":270,"texture":"#0","tintindex":0}}}],"textures":{"0":"modelengine:entity/tablones_fila"},"display":{"head":{"translation":[0.0,-6.4,83.52461],"scale":[4.0,4.0,4.0]}}}