{"elements":[{"from":[5.792,5.792,-15.328001],"to":[10.208,10.208,31.328001],"rotation":{"angle":0.0,"axis":"x","origin":[8.0,8.0,8.0]},"faces":{"east":{"uv":[1.7050245,5.625,11.876075,7.4760294],"rotation":0,"texture":"#0","tintindex":0},"south":{"uv":[1.6737745,5.5335674,3.6810539,7.3327427],"rotation":90,"texture":"#0","tintindex":0},"north":{"uv":[1.6737745,5.5335674,3.6810539,7.3327427],"rotation":90,"texture":"#0","tintindex":0},"west":{"uv":[1.7050245,5.625,11.876075,7.4760294],"rotation":0,"texture":"#0","tintindex":0},"up":{"uv":[1.6737745,5.5648174,11.962304,7.4202423],"rotation":270,"texture":"#0","tintindex":0},"down":{"uv":[1.6737745,5.5648174,11.962304,7.4202423],"rotation":270,"texture":"#0","tintindex":0}}}],"textures":{"0":"modelengine:entity/tablones_fila"},"display":{"head":{"translation":[0.0,-6.4,0.0],"scale":[4.0,4.0,4.0]}}}