{"elements":[{"from":[-5.9428577,7.0857143,7.0571427],"to":[21.942858,8.914286,8.942857],"rotation":{"angle":0.0,"axis":"y","origin":[8.0,8.0,8.0]},"faces":{"east":{"uv":[0.0,12.588973,0.92757,2.3634086],"rotation":270,"texture":"#9","tintindex":0},"south":{"uv":[0.0,2.3634086,0.9261398,12.588973],"rotation":270,"texture":"#9","tintindex":0},"north":{"uv":[0.0,2.3634086,0.92757,12.588973],"rotation":270,"texture":"#9","tintindex":0},"west":{"uv":[0.0,12.588973,0.9305785,2.3634086],"rotation":270,"texture":"#9","tintindex":0},"up":{"uv":[0.9161283,2.3634086,0.0,12.588973],"rotation":270,"texture":"#9","tintindex":0},"down":{"uv":[0.92757,2.3634086,0.0,12.588973],"rotation":270,"texture":"#9","tintindex":0}}}],"textures":{"9":"modelengine:entity/vaya_pila"},"display":{"head":{"translation":[0.0,-6.4,0.0],"scale":[4.0,4.0,4.0]}}}