{"elements":[{"from":[11.360001,4.3314285,0.55999947],"to":[18.697144,12.148571,4.4685717],"rotation":{"angle":0.0,"axis":"y","origin":[15.028572,8.24,2.514285]},"faces":{"east":{"uv":[0.0,0.0,11.072,16.0],"rotation":0,"texture":"#5","tintindex":0},"south":{"uv":[0.0,0.0,11.2,16.0],"rotation":90,"texture":"#5","tintindex":0},"north":{"uv":[0.0,0.0,11.136,16.0],"rotation":270,"texture":"#5","tintindex":0},"west":{"uv":[0.0,0.0,11.072,16.0],"rotation":0,"texture":"#5","tintindex":0},"up":{"uv":[0.0,0.0,11.072,16.0],"rotation":90,"texture":"#5","tintindex":0},"down":{"uv":[0.0,0.0,11.264,16.0],"rotation":90,"texture":"#5","tintindex":0}}},{"from":[11.360001,4.3314285,-6.6400013],"to":[18.697144,12.148571,0.6971426],"rotation":{"angle":0.0,"axis":"y","origin":[15.028572,8.24,-2.9714298]},"faces":{"east":{"uv":[0.0,0.0,16.0,16.0],"rotation":0,"texture":"#5","tintindex":0},"south":{"uv":[0.0,0.0,16.0,16.0],"rotation":90,"texture":"#5","tintindex":0},"north":{"uv":[0.0,0.0,16.0,16.0],"rotation":270,"texture":"#5","tintindex":0},"west":{"uv":[0.0,0.0,16.0,16.0],"rotation":0,"texture":"#5","tintindex":0},"up":{"uv":[0.0,0.0,16.0,16.0],"rotation":90,"texture":"#5","tintindex":0},"down":{"uv":[0.0,0.0,16.0,16.0],"rotation":90,"texture":"#5","tintindex":0}}},{"from":[11.360001,4.3314285,11.874286],"to":[18.697144,12.148571,19.21143],"rotation":{"angle":0.0,"axis":"y","origin":[15.028572,8.24,15.542857]},"faces":{"east":{"uv":[0.0,0.0,16.0,16.0],"rotation":0,"texture":"#5","tintindex":0},"south":{"uv":[0.0,0.0,16.0,16.0],"rotation":90,"texture":"#5","tintindex":0},"north":{"uv":[0.0,0.0,16.0,16.0],"rotation":270,"texture":"#5","tintindex":0},"west":{"uv":[0.0,0.0,16.0,16.0],"rotation":0,"texture":"#5","tintindex":0},"up":{"uv":[0.0,0.0,16.0,16.0],"rotation":90,"texture":"#5","tintindex":0},"down":{"uv":[0.0,0.0,16.0,16.0],"rotation":90,"texture":"#5","tintindex":0}}},{"from":[11.360001,4.3314285,19.074286],"to":[18.697144,12.148571,22.982859],"rotation":{"angle":0.0,"axis":"y","origin":[15.028572,8.24,21.028572]},"faces":{"east":{"uv":[0.0,0.0,11.072,16.0],"rotation":0,"texture":"#5","tintindex":0},"south":{"uv":[0.0,0.0,11.2,16.0],"rotation":90,"texture":"#5","tintindex":0},"north":{"uv":[0.0,0.0,11.136,16.0],"rotation":270,"texture":"#5","tintindex":0},"west":{"uv":[0.0,0.0,11.072,16.0],"rotation":0,"texture":"#5","tintindex":0},"up":{"uv":[0.0,0.0,11.072,16.0],"rotation":90,"texture":"#5","tintindex":0},"down":{"uv":[0.0,0.0,11.264,16.0],"rotation":90,"texture":"#5","tintindex":0}}},{"from":[7.9314284,4.3314285,4.417143],"to":[11.325714,12.148571,12.028572],"rotation":{"angle":0.0,"axis":"y","origin":[9.6285715,8.24,8.222857]},"faces":{"east":{"uv":[0.0,0.0,16.0,16.0],"rotation":0,"texture":"#5","tintindex":0},"south":{"uv":[0.0,8.1024,16.0,16.0],"rotation":90,"texture":"#5","tintindex":0},"north":{"uv":[0.0,8.1024,16.0,16.0],"rotation":270,"texture":"#5","tintindex":0},"west":{"uv":[0.0,0.0,16.0,16.0],"rotation":0,"texture":"#5","tintindex":0},"up":{"uv":[0.0,8.1024,16.0,16.0],"rotation":90,"texture":"#5","tintindex":0},"down":{"uv":[0.0,8.1024,16.0,16.0],"rotation":90,"texture":"#5","tintindex":0}}},{"from":[7.845714,4.3314285,-13.840002],"to":[11.24,12.148571,-6.502857],"rotation":{"angle":0.0,"axis":"y","origin":[9.542857,8.24,-10.171429]},"faces":{"east":{"uv":[0.0,0.0,16.0,16.0],"rotation":0,"texture":"#5","tintindex":0},"south":{"uv":[0.0,8.1024,16.0,16.0],"rotation":90,"texture":"#5","tintindex":0},"north":{"uv":[0.0,8.1024,16.0,16.0],"rotation":270,"texture":"#5","tintindex":0},"west":{"uv":[0.0,0.0,16.0,16.0],"rotation":0,"texture":"#5","tintindex":0},"up":{"uv":[0.0,8.1024,16.0,16.0],"rotation":90,"texture":"#5","tintindex":0},"down":{"uv":[0.0,8.1024,16.0,16.0],"rotation":90,"texture":"#5","tintindex":0}}},{"from":[7.9314284,4.3314285,22.845715],"to":[11.325714,12.148571,30.182858],"rotation":{"angle":0.0,"axis":"y","origin":[9.6285715,8.24,26.514288]},"faces":{"east":{"uv":[0.0,0.0,16.0,16.0],"rotation":0,"texture":"#5","tintindex":0},"south":{"uv":[0.0,8.1024,16.0,16.0],"rotation":90,"texture":"#5","tintindex":0},"north":{"uv":[0.0,8.1024,16.0,16.0],"rotation":270,"texture":"#5","tintindex":0},"west":{"uv":[0.0,0.0,16.0,16.0],"rotation":0,"texture":"#5","tintindex":0},"up":{"uv":[0.0,8.1024,16.0,16.0],"rotation":90,"texture":"#5","tintindex":0},"down":{"uv":[0.0,8.1024,16.0,16.0],"rotation":90,"texture":"#5","tintindex":0}}}],"textures":{"5":"modelengine:entity/oak_wood"},"display":{"head":{"translation":[0.0,-6.4,0.0],"scale":[4.0,4.0,4.0]}}}