{"elements":[{"from":[-16.0,24.662855,20.617144],"to":[26.308573,32.0,27.954288],"rotation":{"angle":0.0,"axis":"y","origin":[5.1542864,28.331427,24.285715]},"faces":{"east":{"uv":[5.553398,9.521901,6.7402616,10.98676],"rotation":0,"texture":"#3","tintindex":0},"south":{"uv":[2.975292,6.921901,9.134161,8.314679],"rotation":0,"texture":"#3","tintindex":0},"north":{"uv":[2.975292,6.890651,9.134161,8.283429],"rotation":0,"texture":"#3","tintindex":0},"west":{"uv":[5.5191817,9.527497,6.713046,10.990377],"rotation":180,"texture":"#3","tintindex":0},"up":{"uv":[2.924768,6.921901,9.134161,8.377179],"rotation":0,"texture":"#3","tintindex":0},"down":{"uv":[2.924768,6.921901,9.134161,8.377179],"rotation":0,"texture":"#3","tintindex":0}}}],"textures":{"3":"modelengine:entity/madera"},"display":{"head":{"translation":[-8.502861,26.788584,0.0],"scale":[4.0,4.0,4.0]}}}