{"elements":[{"from":[9.102427,0.5885711,0.5404501],"to":[13.010998,15.125715,15.077595],"rotation":{"angle":0.0,"axis":"x","origin":[44.230064,10.257143,17.856707]},"faces":{"east":{"uv":[0.0,0.0,16.0,7.93985],"rotation":0,"texture":"#4","tintindex":0},"south":{"uv":[0.0,0.160401,16.0,7.93985],"rotation":0,"texture":"#4","tintindex":0},"north":{"uv":[0.0,0.0,16.0,7.93985],"rotation":0,"texture":"#4","tintindex":0},"west":{"uv":[0.0,6.857143,16.0,7.93985],"rotation":0,"texture":"#4","tintindex":0},"up":{"uv":[0.0,0.160401,16.0,8.10025],"rotation":270,"texture":"#4","tintindex":0},"down":{"uv":[0.0,0.0802005,16.0,7.93985],"rotation":0,"texture":"#4","tintindex":0}}},{"from":[4.98814,8.131429,-1.5166922],"to":[11.639569,17.182858,17.820452],"rotation":{"angle":0.0,"axis":"x","origin":[44.230064,10.257143,17.856707]},"faces":{"east":{"uv":[0.0,0.0,16.0,7.93985],"rotation":0,"texture":"#4","tintindex":0},"south":{"uv":[0.0,0.160401,16.0,7.93985],"rotation":0,"texture":"#4","tintindex":0},"north":{"uv":[0.0,0.0,16.0,7.93985],"rotation":0,"texture":"#4","tintindex":0},"west":{"uv":[5.9670424,14.96875,2.90625,14.008537],"rotation":0,"texture":"#4","tintindex":0},"up":{"uv":[0.0,0.0,16.0,8.10025],"rotation":270,"texture":"#4","tintindex":0},"down":{"uv":[6.817043,14.957394,0.0,13.977287],"rotation":0,"texture":"#4","tintindex":0}}},{"from":[4.98814,-0.44000053,-1.5166922],"to":[11.639569,8.268572,17.820452],"rotation":{"angle":0.0,"axis":"x","origin":[44.230064,-0.028572083,17.856707]},"faces":{"east":{"uv":[0.0,0.0,16.0,7.93985],"rotation":0,"texture":"#4","tintindex":0},"south":{"uv":[0.0,0.0,16.0,7.93985],"rotation":0,"texture":"#4","tintindex":0},"north":{"uv":[0.0,1.0827068,16.0,7.93985],"rotation":0,"texture":"#4","tintindex":0},"west":{"uv":[5.9670424,14.926144,2.90625,14.008537],"rotation":0,"texture":"#4","tintindex":0},"up":{"uv":[6.817043,14.957394,0.0,13.977287],"rotation":0,"texture":"#4","tintindex":0},"down":{"uv":[0.0,0.120300755,16.0,7.93985],"rotation":0,"texture":"#4","tintindex":0}}},{"from":[3.7036695,12.245714,-1.9723473],"to":[8.2979555,17.868572,17.707653],"rotation":{"angle":0.0,"axis":"x","origin":[44.230064,9.914286,17.170992]},"faces":{"east":{"uv":[0.0,0.0,16.0,7.93985],"rotation":0,"texture":"#4","tintindex":0},"south":{"uv":[0.0,0.0,16.0,7.93985],"rotation":0,"texture":"#4","tintindex":0},"north":{"uv":[0.0,0.0,16.0,7.93985],"rotation":0,"texture":"#4","tintindex":0},"west":{"uv":[15.037594,0.0,1.0025063,7.5789475],"rotation":0,"texture":"#4","tintindex":0},"up":{"uv":[0.0,0.0,16.0,8.10025],"rotation":270,"texture":"#4","tintindex":0},"down":{"uv":[0.0,0.0,16.0,7.93985],"rotation":0,"texture":"#4","tintindex":0}}},{"from":[6.3595686,0.5885711,0.5404501],"to":[10.268141,15.125715,15.077595],"rotation":{"angle":0.0,"axis":"x","origin":[44.230064,10.257143,17.856707]},"faces":{"east":{"uv":[0.0,0.0,16.0,7.93985],"rotation":0,"texture":"#4","tintindex":0},"south":{"uv":[0.0,0.0,16.0,7.93985],"rotation":0,"texture":"#4","tintindex":0},"north":{"uv":[0.0,0.0,16.0,7.93985],"rotation":0,"texture":"#4","tintindex":0},"west":{"uv":[7.7794485,9.223058,7.378446,11.749373],"rotation":0,"texture":"#4","tintindex":0},"up":{"uv":[0.0,0.0,16.0,8.10025],"rotation":270,"texture":"#4","tintindex":0},"down":{"uv":[0.0,0.0,16.0,7.93985],"rotation":0,"texture":"#4","tintindex":0}}},{"from":[3.7037687,-2.1542864,-1.9723148],"to":[8.298055,3.4685712,18.3934],"rotation":{"angle":0.0,"axis":"x","origin":[42.515778,13.0,15.799563]},"faces":{"east":{"uv":[0.0,0.0,16.0,7.93985],"rotation":0,"texture":"#4","tintindex":0},"south":{"uv":[0.0,0.0,16.0,7.93985],"rotation":0,"texture":"#4","tintindex":0},"north":{"uv":[0.0,0.0,16.0,7.93985],"rotation":0,"texture":"#4","tintindex":0},"west":{"uv":[14.756892,7.418546,0.0,0.0],"rotation":0,"texture":"#4","tintindex":0},"up":{"uv":[0.0,0.0,16.0,8.10025],"rotation":270,"texture":"#4","tintindex":0},"down":{"uv":[1.0025063,7.859649,14.917294,1.1629072],"rotation":90,"texture":"#4","tintindex":0}}}],"textures":{"4":"modelengine:entity/ladrillo_piedra_liza"},"display":{"head":{"translation":[0.0,-6.4,0.0],"scale":[4.0,4.0,4.0]}}}