{"elements":[{"from":[7.207143,5.437782,5.0740347],"to":[9.607143,11.266354,10.902606],"rotation":{"angle":0.0,"axis":"y","origin":[8.407143,8.352068,7.9883204]},"faces":{"east":{"uv":[0.15625,0.0625,0.234375,0.140625],"rotation":0,"texture":"#2","tintindex":0},"south":{"uv":[0.21875,0.0625,0.25,0.140625],"rotation":0,"texture":"#2","tintindex":0},"north":{"uv":[0.125,0.0625,0.15625,0.140625],"rotation":0,"texture":"#2","tintindex":0},"west":{"uv":[0.25,0.0625,0.328125,0.140625],"rotation":0,"texture":"#2","tintindex":0},"up":{"uv":[0.15625,0.0625,0.1875,0.140625],"rotation":0,"texture":"#2","tintindex":0},"down":{"uv":[0.1875,0.0,0.21875,0.078125],"rotation":0,"texture":"#2","tintindex":0}}},{"from":[6.5214286,3.723496,3.3597493],"to":[9.264286,12.9806385,12.616892],"rotation":{"angle":0.0,"axis":"y","origin":[7.892857,8.352068,7.9883204]},"faces":{"east":{"uv":[15.886547,5.3483686,10.392589,10.965516],"rotation":0,"texture":"#2","tintindex":0},"south":{"uv":[6.909541,12.259617,5.536703,13.867679],"rotation":90,"texture":"#2","tintindex":0},"north":{"uv":[6.909541,12.259617,5.536703,13.867679],"rotation":90,"texture":"#2","tintindex":0},"west":{"uv":[10.348743,5.4159946,15.84871,10.937082],"rotation":0,"texture":"#2","tintindex":0},"up":{"uv":[6.909541,12.259617,5.536703,13.867679],"rotation":90,"texture":"#2","tintindex":0},"down":{"uv":[6.909541,12.259617,5.536703,13.867679],"rotation":90,"texture":"#2","tintindex":0}}},{"from":[6.5214286,1.0663528,6.18832],"to":[9.264286,13.152067,10.902606],"rotation":{"angle":45.0,"axis":"x","origin":[7.892857,8.352068,9.702606]},"faces":{"east":{"uv":[6.909541,12.259617,5.536703,13.867679],"rotation":90,"texture":"#2","tintindex":0},"south":{"uv":[6.909541,12.259617,5.536703,13.867679],"rotation":90,"texture":"#2","tintindex":0},"north":{"uv":[6.909541,12.259617,5.536703,13.867679],"rotation":90,"texture":"#2","tintindex":0},"west":{"uv":[6.909541,12.259617,5.536703,13.867679],"rotation":90,"texture":"#2","tintindex":0},"up":{"uv":[6.909541,12.259617,5.536703,13.867679],"rotation":90,"texture":"#2","tintindex":0},"down":{"uv":[6.909541,12.259617,5.536703,13.867679],"rotation":90,"texture":"#2","tintindex":0}}},{"from":[6.5214286,2.5234962,4.5597486],"to":[9.264286,14.694925,8.931177],"rotation":{"angle":-45.0,"axis":"x","origin":[7.892857,10.066354,7.7311773]},"faces":{"east":{"uv":[6.909541,12.259617,5.536703,13.867679],"rotation":90,"texture":"#2","tintindex":0},"south":{"uv":[6.909541,12.259617,5.536703,13.867679],"rotation":90,"texture":"#2","tintindex":0},"north":{"uv":[2.9123547,10.699473,7.6710753,12.8007765],"rotation":270,"texture":"#2","tintindex":0},"west":{"uv":[6.909541,12.259617,5.536703,13.867679],"rotation":90,"texture":"#2","tintindex":0},"up":{"uv":[6.909541,12.259617,5.536703,13.867679],"rotation":90,"texture":"#2","tintindex":0},"down":{"uv":[6.909541,12.259617,5.536703,13.867679],"rotation":90,"texture":"#2","tintindex":0}}},{"from":[6.8642855,2.3520675,5.0740347],"to":[9.092857,6.123496,10.902606],"rotation":{"angle":0.0,"axis":"y","origin":[7.9785714,4.237782,7.9883204]},"faces":{"east":{"uv":[15.9248295,16.0,12.613354,12.488354],"rotation":0,"texture":"#2","tintindex":0},"south":{"uv":[6.909541,12.259617,5.536703,13.867679],"rotation":90,"texture":"#2","tintindex":0},"north":{"uv":[6.909541,12.259617,5.536703,13.867679],"rotation":90,"texture":"#2","tintindex":0},"west":{"uv":[15.9248295,16.0,12.613354,12.488354],"rotation":0,"texture":"#2","tintindex":0},"up":{"uv":[6.909541,12.259617,5.536703,13.867679],"rotation":90,"texture":"#2","tintindex":0},"down":{"uv":[6.909541,12.259617,5.536703,13.867679],"rotation":90,"texture":"#2","tintindex":0}}},{"from":[6.8642855,5.437782,10.216892],"to":[9.092857,11.266354,13.98832],"rotation":{"angle":0.0,"axis":"y","origin":[7.9785714,8.352068,12.102606]},"faces":{"east":{"uv":[12.550854,15.9248295,16.0,12.457104],"rotation":90,"texture":"#2","tintindex":0},"south":{"uv":[6.909541,12.259617,5.536703,13.867679],"rotation":90,"texture":"#2","tintindex":0},"north":{"uv":[2.7921093,12.7615795,8.188023,10.685707],"rotation":90,"texture":"#2","tintindex":0},"west":{"uv":[12.550854,15.9248295,16.0,12.457104],"rotation":90,"texture":"#2","tintindex":0},"up":{"uv":[6.909541,12.259617,5.536703,13.867679],"rotation":90,"texture":"#2","tintindex":0},"down":{"uv":[6.909541,12.259617,5.536703,13.867679],"rotation":90,"texture":"#2","tintindex":0}}},{"from":[6.8642855,5.437782,1.9883204],"to":[9.092857,11.266354,5.759749],"rotation":{"angle":0.0,"axis":"y","origin":[7.9785714,8.352068,3.8740344]},"faces":{"east":{"uv":[16.0,12.457104,12.550854,15.9248295],"rotation":90,"texture":"#2","tintindex":0},"south":{"uv":[2.8819423,12.671746,8.056914,10.709986],"rotation":90,"texture":"#2","tintindex":0},"north":{"uv":[6.909541,12.259617,5.536703,13.867679],"rotation":90,"texture":"#2","tintindex":0},"west":{"uv":[16.0,12.457104,12.550854,15.9248295],"rotation":90,"texture":"#2","tintindex":0},"up":{"uv":[7.847041,10.759617,2.9742033,12.867679],"rotation":90,"texture":"#2","tintindex":0},"down":{"uv":[2.7921093,12.7615795,8.188023,10.685707],"rotation":90,"texture":"#2","tintindex":0}}},{"from":[6.8642855,5.0949244,5.0740347],"to":[9.092857,14.352068,10.902606],"rotation":{"angle":0.0,"axis":"y","origin":[7.9785714,9.723496,7.9883204]},"faces":{"east":{"uv":[15.9248295,12.488354,12.613354,16.0],"rotation":0,"texture":"#2","tintindex":0},"south":{"uv":[6.909541,12.259617,5.536703,13.867679],"rotation":90,"texture":"#2","tintindex":0},"north":{"uv":[6.909541,12.259617,5.536703,13.867679],"rotation":90,"texture":"#2","tintindex":0},"west":{"uv":[15.9248295,12.488354,12.613354,16.0],"rotation":0,"texture":"#2","tintindex":0},"up":{"uv":[6.909541,12.259617,5.536703,13.867679],"rotation":90,"texture":"#2","tintindex":0},"down":{"uv":[6.909541,12.259617,5.536703,13.867679],"rotation":90,"texture":"#2","tintindex":0}}}],"textures":{"2":"modelengine:entity/bloque_tronco"},"display":{"head":{"translation":[0.0,-6.4,0.0],"scale":[4.0,4.0,4.0]}}}