{"elements":[{"from":[7.3162804,4.2877088,7.4857144],"to":[7.6591372,9.773423,8.514286],"rotation":{"angle":0.0,"axis":"y","origin":[7.487709,7.030566,8.0]},"faces":{"east":{"uv":[1.7050245,5.625,11.931054,7.417925],"rotation":90,"texture":"#0","tintindex":0},"south":{"uv":[1.7050245,6.3375,11.931054,7.417925],"rotation":90,"texture":"#0","tintindex":0},"north":{"uv":[1.7050245,6.3375,11.931054,7.417925],"rotation":90,"texture":"#0","tintindex":0},"west":{"uv":[1.7050245,5.625,11.931054,7.417925],"rotation":90,"texture":"#0","tintindex":0},"up":{"uv":[2.069062,5.6817865,11.810469,7.3177595],"rotation":90,"texture":"#0","tintindex":0},"down":{"uv":[2.069062,5.6817865,11.810469,7.3177595],"rotation":90,"texture":"#0","tintindex":0}}},{"from":[8.3448515,4.2877088,7.4857144],"to":[8.687709,9.773423,8.514286],"rotation":{"angle":0.0,"axis":"y","origin":[8.51628,7.030566,8.0]},"faces":{"east":{"uv":[1.7050245,5.625,11.931054,7.417925],"rotation":90,"texture":"#0","tintindex":0},"south":{"uv":[1.7050245,6.3375,11.931054,7.417925],"rotation":90,"texture":"#0","tintindex":0},"north":{"uv":[1.7050245,6.3375,11.931054,7.417925],"rotation":90,"texture":"#0","tintindex":0},"west":{"uv":[1.7050245,5.625,11.931054,7.417925],"rotation":90,"texture":"#0","tintindex":0},"up":{"uv":[2.069062,5.6817865,11.810469,7.3177595],"rotation":90,"texture":"#0","tintindex":0},"down":{"uv":[2.069062,5.6817865,11.810469,7.3177595],"rotation":90,"texture":"#0","tintindex":0}}},{"from":[7.3102965,9.76744,7.4857144],"to":[8.6817255,10.110296,8.514286],"rotation":{"angle":0.0,"axis":"y","origin":[7.996011,9.938868,8.0]},"faces":{"east":{"uv":[1.7050245,5.625,3.6185539,7.386675],"rotation":90,"texture":"#0","tintindex":0},"south":{"uv":[5.1628118,6.40625,11.986285,7.4289074],"rotation":0,"texture":"#0","tintindex":0},"north":{"uv":[5.1628118,6.40625,11.986285,7.4289074],"rotation":0,"texture":"#0","tintindex":0},"west":{"uv":[1.7050245,5.625,3.6185539,7.386675],"rotation":90,"texture":"#0","tintindex":0},"up":{"uv":[5.1628118,5.5625,11.986285,7.4289074],"rotation":0,"texture":"#0","tintindex":0},"down":{"uv":[2.069062,5.5625,11.986285,7.4289074],"rotation":0,"texture":"#0","tintindex":0}}}],"textures":{"0":"modelengine:entity/tablones_fila"},"display":{"head":{"translation":[0.0,-6.4,0.0],"scale":[4.0,4.0,4.0]}}}