{"elements":[{"from":[6.457143,7.4,5.942857],"to":[9.542857,8.6,10.057143],"rotation":{"angle":0.0,"axis":"y","origin":[-12.742857,-12.479731,-61.257095]},"faces":{"east":{"uv":[4.2209115,14.940482,11.833504,12.141106],"rotation":0,"texture":"#6","tintindex":0},"south":{"uv":[4.396783,12.066488,11.87309,14.886414],"rotation":0,"texture":"#6","tintindex":0},"north":{"uv":[4.182306,12.066488,11.830194,14.929309],"rotation":0,"texture":"#6","tintindex":0},"west":{"uv":[4.13941,14.940482,11.833504,12.184001],"rotation":0,"texture":"#6","tintindex":0},"up":{"uv":[4.396783,12.066488,6.906166,14.756032],"rotation":0,"texture":"#6","tintindex":0},"down":{"uv":[4.396783,12.066488,11.9116955,14.864067],"rotation":0,"texture":"#6","tintindex":0}}}],"textures":{"6":"modelengine:entity/palanca"},"display":{"head":{"translation":[0.0,-6.4,0.0],"scale":[4.0,4.0,4.0]}}}