{"elements":[{"from":[6.1485715,2.548571,2.068571],"to":[9.92,14.548572,14.068571],"rotation":{"angle":0.0,"axis":"y","origin":[8.034286,8.548572,8.068571]},"faces":{"east":{"uv":[10.715834,5.2233686,5.221875,10.840516],"rotation":0,"texture":"#1","tintindex":0},"south":{"uv":[0.12139606,11.6990795,5.517309,9.623207],"rotation":90,"texture":"#1","tintindex":0},"north":{"uv":[0.12139606,11.6990795,5.517309,9.623207],"rotation":90,"texture":"#1","tintindex":0},"west":{"uv":[10.715834,5.2233686,5.221875,10.840516],"rotation":0,"texture":"#1","tintindex":0},"up":{"uv":[5.1763277,9.697117,0.30349013,11.805179],"rotation":90,"texture":"#1","tintindex":0},"down":{"uv":[0.12139606,11.6990795,5.517309,9.623207],"rotation":90,"texture":"#1","tintindex":0}}},{"from":[6.3199997,1.1771426,3.782857],"to":[9.577143,7.6914287,12.354286],"rotation":{"angle":0.0,"axis":"y","origin":[7.948571,4.4342856,8.068571]},"faces":{"east":{"uv":[9.628794,13.40625,6.317318,9.894604],"rotation":0,"texture":"#1","tintindex":0},"south":{"uv":[1.8120922,11.71378,5.0044956,9.6285095],"rotation":270,"texture":"#1","tintindex":0},"north":{"uv":[0.36841807,11.792413,5.1617603,9.451271],"rotation":90,"texture":"#1","tintindex":0},"west":{"uv":[9.628794,13.40625,6.317318,9.894604],"rotation":0,"texture":"#1","tintindex":0},"up":{"uv":[5.227314,9.6437025,0.1966616,11.751764],"rotation":90,"texture":"#1","tintindex":0},"down":{"uv":[0.30740705,9.510167,5.102551,11.756933],"rotation":90,"texture":"#1","tintindex":0}}},{"from":[6.3199997,4.262857,8.9257145],"to":[9.577143,12.834286,15.440001],"rotation":{"angle":0.0,"axis":"y","origin":[7.948571,8.548572,12.1828575]},"faces":{"east":{"uv":[9.703964,9.863354,6.254818,13.3310795],"rotation":90,"texture":"#1","tintindex":0},"south":{"uv":[0.21122913,11.609246,5.3862014,9.647486],"rotation":90,"texture":"#1","tintindex":0},"north":{"uv":[0.12139606,11.6990795,5.517309,9.623207],"rotation":90,"texture":"#1","tintindex":0},"west":{"uv":[9.703964,9.863354,6.254818,13.3310795],"rotation":90,"texture":"#1","tintindex":0},"up":{"uv":[5.1763277,9.697117,0.30349013,11.805179],"rotation":90,"texture":"#1","tintindex":0},"down":{"uv":[0.12139606,11.6990795,5.517309,9.623207],"rotation":90,"texture":"#1","tintindex":0}}},{"from":[6.3199997,4.262857,0.6971426],"to":[9.577143,12.834286,7.2114286],"rotation":{"angle":0.0,"axis":"y","origin":[7.948571,8.548572,3.9542856]},"faces":{"east":{"uv":[6.254818,13.3310795,9.703964,9.863354],"rotation":90,"texture":"#1","tintindex":0},"south":{"uv":[0.37147194,11.662661,5.2793727,9.7009],"rotation":90,"texture":"#1","tintindex":0},"north":{"uv":[0.12139606,11.6990795,5.517309,9.623207],"rotation":90,"texture":"#1","tintindex":0},"west":{"uv":[6.254818,13.3310795,9.703964,9.863354],"rotation":90,"texture":"#1","tintindex":0},"up":{"uv":[5.1763277,9.697117,0.30349013,11.805179],"rotation":90,"texture":"#1","tintindex":0},"down":{"uv":[0.38846737,11.63217,5.576935,9.733536],"rotation":90,"texture":"#1","tintindex":0}}},{"from":[6.4914284,3.92,3.4399996],"to":[9.748571,15.92,12.011429],"rotation":{"angle":0.0,"axis":"y","origin":[8.12,9.92,7.725714]},"faces":{"east":{"uv":[10.823672,5.2825303,5.117119,10.7921095],"rotation":0,"texture":"#1","tintindex":0},"south":{"uv":[0.15625,4.187538,4.840336,6.284949],"rotation":270,"texture":"#1","tintindex":0},"north":{"uv":[0.27435508,4.4206185,4.85404,6.3587255],"rotation":270,"texture":"#1","tintindex":0},"west":{"uv":[9.628794,9.894604,6.317318,13.40625],"rotation":0,"texture":"#1","tintindex":0},"up":{"uv":[5.1763277,9.697117,0.30349013,11.805179],"rotation":90,"texture":"#1","tintindex":0},"down":{"uv":[7.8582416,9.437329,13.329287,12.867982],"rotation":0,"texture":"#1","tintindex":0}}}],"textures":{"1":"modelengine:entity/bloqueslizos"},"display":{"head":{"translation":[0.0,-6.4,0.0],"scale":[4.0,4.0,4.0]}}}