{"elements":[{"from":[-6.6400013,4.16,-13.868572],"to":[0.6971426,11.84,30.04],"rotation":{"angle":0.0,"axis":"x","origin":[-2.9714298,8.0,-9.628572]},"faces":{"east":{"uv":[2.987268,6.890651,9.190449,8.393833],"rotation":0,"texture":"#3","tintindex":0},"south":{"uv":[5.5047965,9.482894,6.7506466,11.02255],"rotation":270,"texture":"#3","tintindex":0},"north":{"uv":[5.5064955,9.484212,6.7496,11.023249],"rotation":270,"texture":"#3","tintindex":0},"west":{"uv":[2.9817939,6.8855805,9.144072,8.35183],"rotation":180,"texture":"#3","tintindex":0},"up":{"uv":[2.9260874,6.891872,9.173105,8.4187565],"rotation":270,"texture":"#3","tintindex":0},"down":{"uv":[2.9813845,6.894715,9.168628,8.359242],"rotation":270,"texture":"#3","tintindex":0}}},{"from":[15.302857,4.16,-13.868572],"to":[22.640001,11.84,29.697145],"rotation":{"angle":0.0,"axis":"x","origin":[18.97143,8.0,-9.800001]},"faces":{"east":{"uv":[2.987268,6.890651,9.190449,8.393833],"rotation":0,"texture":"#3","tintindex":0},"south":{"uv":[5.5047965,9.482894,6.7506466,11.02255],"rotation":270,"texture":"#3","tintindex":0},"north":{"uv":[5.5064955,9.484212,6.7496,11.023249],"rotation":270,"texture":"#3","tintindex":0},"west":{"uv":[2.9817939,6.8855805,9.144072,8.35183],"rotation":180,"texture":"#3","tintindex":0},"up":{"uv":[2.9260874,6.891872,9.173105,8.4187565],"rotation":270,"texture":"#3","tintindex":0},"down":{"uv":[2.9813845,6.894715,9.168628,8.359242],"rotation":270,"texture":"#3","tintindex":0}}}],"textures":{"3":"modelengine:entity/madera"},"display":{"head":{"translation":[0.0,-6.4,0.0],"scale":[4.0,4.0,4.0]}}}