{"elements":[{"from":[5.472,5.472,15.08],"to":[10.368,10.128,31.255999],"rotation":{"angle":0.0,"axis":"y","origin":[7.92,7.8,23.168]},"faces":{"east":{"uv":[2.975292,6.890651,8.245763,8.331333],"rotation":0,"texture":"#3","tintindex":0},"south":{"uv":[5.5047965,9.482894,6.7506466,11.02255],"rotation":270,"texture":"#3","tintindex":0},"north":{"uv":[5.5064955,9.484212,6.7496,11.023249],"rotation":270,"texture":"#3","tintindex":0},"west":{"uv":[2.9698179,6.8855805,8.157246,8.35183],"rotation":180,"texture":"#3","tintindex":0},"up":{"uv":[2.9766114,6.891872,8.165919,8.3562565],"rotation":270,"texture":"#3","tintindex":0},"down":{"uv":[2.9694083,6.894715,8.161442,8.359242],"rotation":270,"texture":"#3","tintindex":0}}},{"from":[-7.488001,5.472,-15.879999],"to":[-2.3520002,10.848,31.736],"rotation":{"angle":0.0,"axis":"y","origin":[-4.92,8.16,30.727999]},"faces":{"east":{"uv":[2.975292,6.890651,9.190449,8.331333],"rotation":0,"texture":"#3","tintindex":0},"south":{"uv":[5.5064955,9.484212,6.7496,11.0044985],"rotation":270,"texture":"#3","tintindex":0},"north":{"uv":[5.5064955,9.484212,6.7496,11.0044985],"rotation":270,"texture":"#3","tintindex":0},"west":{"uv":[2.9698179,6.8855805,9.164431,8.35183],"rotation":180,"texture":"#3","tintindex":0},"up":{"uv":[2.9620156,6.891872,9.173105,8.4187565],"rotation":270,"texture":"#3","tintindex":0},"down":{"uv":[2.9694083,6.894715,9.168628,8.359242],"rotation":270,"texture":"#3","tintindex":0}}},{"from":[18.432,5.352,-16.0],"to":[23.568,10.728001,31.855999],"rotation":{"angle":0.0,"axis":"y","origin":[21.0,8.04,30.727999]},"faces":{"east":{"uv":[2.975292,6.890651,9.190449,8.331333],"rotation":0,"texture":"#3","tintindex":0},"south":{"uv":[5.5064955,9.484212,6.7496,11.0044985],"rotation":270,"texture":"#3","tintindex":0},"north":{"uv":[5.5064955,9.484212,6.7496,11.0044985],"rotation":270,"texture":"#3","tintindex":0},"west":{"uv":[2.9698179,6.8855805,9.164431,8.35183],"rotation":180,"texture":"#3","tintindex":0},"up":{"uv":[2.9620156,6.891872,9.173105,8.4187565],"rotation":270,"texture":"#3","tintindex":0},"down":{"uv":[2.9694083,6.894715,9.168628,8.359242],"rotation":270,"texture":"#3","tintindex":0}}}],"textures":{"3":"modelengine:entity/madera"},"display":{"head":{"translation":[0.0,-6.4,-20.031998],"scale":[4.0,4.0,4.0]}}}