{"elements":[{"from":[7.742857,-2.4285717,7.717143],"to":[8.885715,29.342857,8.631429],"rotation":{"angle":0.0,"axis":"y","origin":[-21.97143,-20.485714,22.345715]},"faces":{"east":{"uv":[0.0,0.4,0.4,14.3],"rotation":0,"texture":"#1","tintindex":0},"south":{"uv":[1.3,0.4,1.8,14.3],"rotation":0,"texture":"#1","tintindex":0},"north":{"uv":[0.4,0.4,0.9,14.3],"rotation":0,"texture":"#1","tintindex":0},"west":{"uv":[0.9,0.4,1.3,14.3],"rotation":0,"texture":"#1","tintindex":0},"up":{"uv":[0.9,0.4,0.4,0.0],"rotation":0,"texture":"#1","tintindex":0},"down":{"uv":[1.4,0.0,0.9,0.4],"rotation":0,"texture":"#1","tintindex":0}}},{"from":[4.0857143,10.142858,7.705714],"to":[12.314286,29.342857,7.705714],"rotation":{"angle":0.0,"axis":"y","origin":[-21.97143,-20.485714,22.345715]},"faces":{"east":{"uv":[0.0,0.0,0.0,8.4],"rotation":0,"texture":"#1","tintindex":0},"south":{"uv":[3.6,0.0,7.2,8.4],"rotation":0,"texture":"#1","tintindex":0},"north":{"uv":[0.0,0.0,3.6,8.4],"rotation":0,"texture":"#1","tintindex":0},"west":{"uv":[3.6,0.0,3.6,8.4],"rotation":0,"texture":"#1","tintindex":0},"up":{"uv":[3.6,0.0,0.0,0.0],"rotation":0,"texture":"#1","tintindex":0},"down":{"uv":[7.2,0.0,3.6,0.0],"rotation":0,"texture":"#1","tintindex":0}}},{"from":[7.0594287,-0.3691435,7.7194285],"to":[8.426286,0.76914215,8.400572],"rotation":{"angle":0.0,"axis":"y","origin":[-21.97143,-20.485714,22.345715]},"faces":{"east":{"uv":[0.0,0.2985,0.2985,0.797],"rotation":0,"texture":"#1","tintindex":0},"south":{"uv":[1.1955,0.2985,1.794,0.797],"rotation":0,"texture":"#1","tintindex":0},"north":{"uv":[0.2985,0.2985,0.897,0.797],"rotation":0,"texture":"#1","tintindex":0},"west":{"uv":[0.897,0.2985,1.1955,0.797],"rotation":0,"texture":"#1","tintindex":0},"up":{"uv":[0.897,0.2985,0.2985,0.0],"rotation":0,"texture":"#1","tintindex":0},"down":{"uv":[1.4955,0.0,0.897,0.2985],"rotation":0,"texture":"#1","tintindex":0}}},{"from":[7.0594287,-1.9691439,7.7194285],"to":[8.426286,-0.83085823,8.400572],"rotation":{"angle":0.0,"axis":"y","origin":[-21.97143,-20.485714,22.345715]},"faces":{"east":{"uv":[0.0,0.2985,0.2985,0.797],"rotation":0,"texture":"#1","tintindex":0},"south":{"uv":[1.1955,0.2985,1.794,0.797],"rotation":0,"texture":"#1","tintindex":0},"north":{"uv":[0.2985,0.2985,0.897,0.797],"rotation":0,"texture":"#1","tintindex":0},"west":{"uv":[0.897,0.2985,1.1955,0.797],"rotation":0,"texture":"#1","tintindex":0},"up":{"uv":[0.897,0.2985,0.2985,0.0],"rotation":0,"texture":"#1","tintindex":0},"down":{"uv":[1.4955,0.0,0.897,0.2985],"rotation":0,"texture":"#1","tintindex":0}}}],"textures":{"1":"modelengine:entity/bloque_tronco"},"display":{"head":{"translation":[0.0,-6.4,0.0],"scale":[4.0,4.0,4.0]}}}