{"elements":[{"from":[7.0,-2.4285717,7.66],"to":[8.142858,29.342857,8.5742855],"rotation":{"angle":0.0,"axis":"y","origin":[37.17143,-20.485714,22.28857]},"faces":{"east":{"uv":[0.0,0.4,0.4,14.3],"rotation":0,"texture":"#1","tintindex":0},"south":{"uv":[1.3,0.4,1.8,14.3],"rotation":0,"texture":"#1","tintindex":0},"north":{"uv":[0.4,0.4,0.9,14.3],"rotation":0,"texture":"#1","tintindex":0},"west":{"uv":[0.9,0.4,1.3,14.3],"rotation":0,"texture":"#1","tintindex":0},"up":{"uv":[0.9,0.4,0.4,0.0],"rotation":0,"texture":"#1","tintindex":0},"down":{"uv":[1.4,0.0,0.9,0.4],"rotation":0,"texture":"#1","tintindex":0}}},{"from":[3.5714283,10.142858,7.6485715],"to":[11.8,29.342857,7.6485715],"rotation":{"angle":0.0,"axis":"y","origin":[37.17143,-20.485714,22.28857]},"faces":{"east":{"uv":[0.0,0.0,0.0,8.4],"rotation":0,"texture":"#1","tintindex":0},"south":{"uv":[3.6,0.0,7.2,8.4],"rotation":0,"texture":"#1","tintindex":0},"north":{"uv":[0.0,0.0,3.6,8.4],"rotation":0,"texture":"#1","tintindex":0},"west":{"uv":[3.6,0.0,3.6,8.4],"rotation":0,"texture":"#1","tintindex":0},"up":{"uv":[3.6,0.0,0.0,0.0],"rotation":0,"texture":"#1","tintindex":0},"down":{"uv":[7.2,0.0,3.6,0.0],"rotation":0,"texture":"#1","tintindex":0}}},{"from":[7.459429,-1.9691439,7.890857],"to":[9.283428,-0.83085823,8.343429],"rotation":{"angle":0.0,"axis":"y","origin":[37.17143,-20.485714,22.28857]},"faces":{"east":{"uv":[0.0,0.1985,0.1985,0.697],"rotation":0,"texture":"#1","tintindex":0},"south":{"uv":[1.1955,0.1985,1.994,0.697],"rotation":0,"texture":"#1","tintindex":0},"north":{"uv":[0.1985,0.1985,0.997,0.697],"rotation":0,"texture":"#1","tintindex":0},"west":{"uv":[0.997,0.1985,1.1955,0.697],"rotation":0,"texture":"#1","tintindex":0},"up":{"uv":[0.997,0.1985,0.1985,0.0],"rotation":0,"texture":"#1","tintindex":0},"down":{"uv":[1.7955,0.0,0.997,0.1985],"rotation":0,"texture":"#1","tintindex":0}}},{"from":[7.459429,-0.3691435,7.890857],"to":[9.283428,0.76914215,8.343429],"rotation":{"angle":0.0,"axis":"y","origin":[37.17143,-20.485714,22.28857]},"faces":{"east":{"uv":[0.0,0.1985,0.1985,0.697],"rotation":0,"texture":"#1","tintindex":0},"south":{"uv":[1.1955,0.1985,1.994,0.697],"rotation":0,"texture":"#1","tintindex":0},"north":{"uv":[0.1985,0.1985,0.997,0.697],"rotation":0,"texture":"#1","tintindex":0},"west":{"uv":[0.997,0.1985,1.1955,0.697],"rotation":0,"texture":"#1","tintindex":0},"up":{"uv":[0.997,0.1985,0.1985,0.0],"rotation":0,"texture":"#1","tintindex":0},"down":{"uv":[1.7955,0.0,0.997,0.1985],"rotation":0,"texture":"#1","tintindex":0}}}],"textures":{"1":"modelengine:entity/bloque_tronco"},"display":{"head":{"translation":[0.0,-6.4,0.0],"scale":[4.0,4.0,4.0]}}}