{"elements":[{"from":[21.22829,-6.8342867,-16.0],"to":[26.119719,-2.1714287,27.977142],"rotation":{"angle":0.0,"axis":"y","origin":[23.674004,-4.502857,5.988571]},"faces":{"east":{"uv":[0.0,19.23,19.23,21.26],"rotation":0,"texture":"#1","tintindex":0},"south":{"uv":[40.59,19.23,42.72,21.26],"rotation":270,"texture":"#1","tintindex":0},"north":{"uv":[19.23,19.23,21.36,21.26],"rotation":270,"texture":"#1","tintindex":0},"west":{"uv":[21.36,19.23,40.59,21.26],"rotation":180,"texture":"#1","tintindex":0},"up":{"uv":[21.36,19.23,19.23,0.0],"rotation":270,"texture":"#1","tintindex":0},"down":{"uv":[23.49,0.0,21.36,19.23],"rotation":270,"texture":"#1","tintindex":0}}},{"from":[-3.457425,-6.1028576,-16.0],"to":[1.4340038,-1.4400005,28.434284],"rotation":{"angle":0.0,"axis":"y","origin":[-3.5200005,8.0,7.8917027]},"faces":{"east":{"uv":[0.0,19.43,19.43,21.46],"rotation":0,"texture":"#1","tintindex":0},"south":{"uv":[40.99,19.43,43.12,21.46],"rotation":270,"texture":"#1","tintindex":0},"north":{"uv":[19.43,19.43,21.56,21.46],"rotation":270,"texture":"#1","tintindex":0},"west":{"uv":[21.56,19.43,40.99,21.46],"rotation":180,"texture":"#1","tintindex":0},"up":{"uv":[21.56,19.43,19.43,0.0],"rotation":270,"texture":"#1","tintindex":0},"down":{"uv":[23.69,0.0,21.56,19.43],"rotation":270,"texture":"#1","tintindex":0}}}],"textures":{"1":"modelengine:entity/bloque_tronco"},"display":{"head":{"translation":[0.0,-6.4,-33.393433],"scale":[4.0,4.0,4.0]}}}