{"elements":[{"from":[-13.714285,-3.0171442,12.251427],"to":[-8.822855,2.1942854,14.8571415],"rotation":{"angle":0.0,"axis":"y","origin":[-11.268568,-0.4114294,13.554284]},"faces":{"east":{"uv":[0.0,1.13,1.13,3.4],"rotation":0,"texture":"#1","tintindex":0},"south":{"uv":[4.39,1.13,6.52,3.4],"rotation":90,"texture":"#1","tintindex":0},"north":{"uv":[1.13,1.13,3.26,3.4],"rotation":270,"texture":"#1","tintindex":0},"west":{"uv":[3.26,1.13,4.39,3.4],"rotation":0,"texture":"#1","tintindex":0},"up":{"uv":[3.26,1.13,1.13,0.0],"rotation":90,"texture":"#1","tintindex":0},"down":{"uv":[5.39,0.0,3.26,1.13],"rotation":90,"texture":"#1","tintindex":0}}},{"from":[-13.714285,-3.0171442,7.4514265],"to":[-8.822855,2.1942854,12.342855],"rotation":{"angle":0.0,"axis":"y","origin":[-11.268568,-0.4114294,9.8971405]},"faces":{"east":{"uv":[0.0,2.13,2.13,4.4],"rotation":0,"texture":"#1","tintindex":0},"south":{"uv":[6.39,2.13,8.52,4.4],"rotation":90,"texture":"#1","tintindex":0},"north":{"uv":[2.13,2.13,4.26,4.4],"rotation":270,"texture":"#1","tintindex":0},"west":{"uv":[4.26,2.13,6.39,4.4],"rotation":0,"texture":"#1","tintindex":0},"up":{"uv":[4.26,2.13,2.13,0.0],"rotation":90,"texture":"#1","tintindex":0},"down":{"uv":[6.39,0.0,4.26,2.13],"rotation":90,"texture":"#1","tintindex":0}}},{"from":[-13.714285,-3.0171442,19.794285],"to":[-8.822855,2.1942854,24.685715],"rotation":{"angle":0.0,"axis":"y","origin":[-11.268568,-0.4114294,22.239998]},"faces":{"east":{"uv":[0.0,2.13,2.13,4.4],"rotation":0,"texture":"#1","tintindex":0},"south":{"uv":[6.39,2.13,8.52,4.4],"rotation":90,"texture":"#1","tintindex":0},"north":{"uv":[2.13,2.13,4.26,4.4],"rotation":270,"texture":"#1","tintindex":0},"west":{"uv":[4.26,2.13,6.39,4.4],"rotation":0,"texture":"#1","tintindex":0},"up":{"uv":[4.26,2.13,2.13,0.0],"rotation":90,"texture":"#1","tintindex":0},"down":{"uv":[6.39,0.0,4.26,2.13],"rotation":90,"texture":"#1","tintindex":0}}},{"from":[-13.714285,-3.0171442,24.594284],"to":[-8.822855,2.1942854,27.199999],"rotation":{"angle":0.0,"axis":"y","origin":[-11.268568,-0.4114294,25.897142]},"faces":{"east":{"uv":[0.0,1.13,1.13,3.4],"rotation":0,"texture":"#1","tintindex":0},"south":{"uv":[4.39,1.13,6.52,3.4],"rotation":90,"texture":"#1","tintindex":0},"north":{"uv":[1.13,1.13,3.26,3.4],"rotation":270,"texture":"#1","tintindex":0},"west":{"uv":[3.26,1.13,4.39,3.4],"rotation":0,"texture":"#1","tintindex":0},"up":{"uv":[3.26,1.13,1.13,0.0],"rotation":90,"texture":"#1","tintindex":0},"down":{"uv":[5.39,0.0,3.26,1.13],"rotation":90,"texture":"#1","tintindex":0}}},{"from":[-16.0,-3.0171442,14.822855],"to":[-13.737141,2.1942854,19.89714],"rotation":{"angle":0.0,"axis":"y","origin":[-14.868568,-0.4114294,17.359999]},"faces":{"east":{"uv":[0.0,2.21,2.21,4.48],"rotation":0,"texture":"#1","tintindex":0},"south":{"uv":[5.4,2.21,6.38,4.48],"rotation":90,"texture":"#1","tintindex":0},"north":{"uv":[2.21,2.21,3.19,4.48],"rotation":270,"texture":"#1","tintindex":0},"west":{"uv":[3.19,2.21,5.4,4.48],"rotation":0,"texture":"#1","tintindex":0},"up":{"uv":[3.19,2.21,2.21,0.0],"rotation":90,"texture":"#1","tintindex":0},"down":{"uv":[4.17,0.0,3.19,2.21],"rotation":90,"texture":"#1","tintindex":0}}},{"from":[-16.0,-3.0171442,2.6514263],"to":[-13.737141,2.1942854,7.5428553],"rotation":{"angle":0.0,"axis":"y","origin":[-14.868568,-0.4114294,5.097141]},"faces":{"east":{"uv":[0.0,2.13,2.13,4.4],"rotation":0,"texture":"#1","tintindex":0},"south":{"uv":[5.24,2.13,6.22,4.4],"rotation":90,"texture":"#1","tintindex":0},"north":{"uv":[2.13,2.13,3.11,4.4],"rotation":270,"texture":"#1","tintindex":0},"west":{"uv":[3.11,2.13,5.24,4.4],"rotation":0,"texture":"#1","tintindex":0},"up":{"uv":[3.11,2.13,2.13,0.0],"rotation":90,"texture":"#1","tintindex":0},"down":{"uv":[4.09,0.0,3.11,2.13],"rotation":90,"texture":"#1","tintindex":0}}},{"from":[-16.0,-3.0171442,27.10857],"to":[-13.737141,2.1942854,32.0],"rotation":{"angle":0.0,"axis":"y","origin":[-14.868568,-0.4114294,29.554283]},"faces":{"east":{"uv":[0.0,2.13,2.13,4.4],"rotation":0,"texture":"#1","tintindex":0},"south":{"uv":[5.24,2.13,6.22,4.4],"rotation":90,"texture":"#1","tintindex":0},"north":{"uv":[2.13,2.13,3.11,4.4],"rotation":270,"texture":"#1","tintindex":0},"west":{"uv":[3.11,2.13,5.24,4.4],"rotation":0,"texture":"#1","tintindex":0},"up":{"uv":[3.11,2.13,2.13,0.0],"rotation":90,"texture":"#1","tintindex":0},"down":{"uv":[4.09,0.0,3.11,2.13],"rotation":90,"texture":"#1","tintindex":0}}}],"textures":{"1":"modelengine:entity/bloque_tronco"},"display":{"head":{"translation":[-13.897156,-6.4,15.725723],"scale":[4.0,4.0,4.0]}}}