{"elements":[{"from":[1.2479997,16.956024,-5.7000227],"to":[4.672,20.540024,31.323978],"rotation":{"angle":0.0,"axis":"x","origin":[2.9599996,18.748024,12.811977]},"faces":{"east":{"uv":[0.0,23.13,23.13,25.36],"rotation":0,"texture":"#1","tintindex":0},"south":{"uv":[48.39,23.13,50.52,25.36],"rotation":270,"texture":"#1","tintindex":0},"north":{"uv":[23.13,23.13,25.26,25.36],"rotation":270,"texture":"#1","tintindex":0},"west":{"uv":[25.26,23.13,48.39,25.36],"rotation":180,"texture":"#1","tintindex":0},"up":{"uv":[25.26,23.13,23.13,0.0],"rotation":270,"texture":"#1","tintindex":0},"down":{"uv":[27.39,0.0,25.26,23.13],"rotation":270,"texture":"#1","tintindex":0}}},{"from":[11.488,16.956024,-5.7000227],"to":[14.912001,20.540024,31.163977],"rotation":{"angle":0.0,"axis":"x","origin":[13.200001,18.748024,12.731977]},"faces":{"east":{"uv":[0.0,23.03,23.03,25.26],"rotation":0,"texture":"#1","tintindex":0},"south":{"uv":[48.19,23.03,50.32,25.26],"rotation":270,"texture":"#1","tintindex":0},"north":{"uv":[23.03,23.03,25.16,25.26],"rotation":270,"texture":"#1","tintindex":0},"west":{"uv":[25.16,23.03,48.19,25.26],"rotation":180,"texture":"#1","tintindex":0},"up":{"uv":[25.16,23.03,23.03,0.0],"rotation":270,"texture":"#1","tintindex":0},"down":{"uv":[27.29,0.0,25.16,23.03],"rotation":270,"texture":"#1","tintindex":0}}}],"textures":{"1":"modelengine:entity/bloque_tronco"},"display":{"head":{"translation":[0.0,-6.4,0.0],"scale":[4.0,4.0,4.0]}}}