{"elements":[{"from":[-7.1314287,5.782857,-15.771427],"to":[-2.2400007,10.902857,18.834286],"rotation":{"angle":0.0,"axis":"y","origin":[27.06289,23.428572,8.996364]},"faces":{"east":{"uv":[0.0,15.13,15.13,17.36],"rotation":0,"texture":"#1","tintindex":0},"south":{"uv":[32.39,15.13,34.52,17.36],"rotation":270,"texture":"#1","tintindex":0},"north":{"uv":[15.13,15.13,17.26,17.36],"rotation":270,"texture":"#1","tintindex":0},"west":{"uv":[17.26,15.13,32.39,17.36],"rotation":180,"texture":"#1","tintindex":0},"up":{"uv":[17.26,15.13,15.13,0.0],"rotation":270,"texture":"#1","tintindex":0},"down":{"uv":[19.39,0.0,17.26,15.13],"rotation":270,"texture":"#1","tintindex":0}}},{"from":[17.554287,5.0971427,-16.0],"to":[22.445715,10.217143,18.834286],"rotation":{"angle":0.0,"axis":"y","origin":[51.748608,23.428572,8.767793]},"faces":{"east":{"uv":[0.0,15.23,15.23,17.46],"rotation":0,"texture":"#1","tintindex":0},"south":{"uv":[32.59,15.23,34.72,17.46],"rotation":270,"texture":"#1","tintindex":0},"north":{"uv":[15.23,15.23,17.36,17.46],"rotation":270,"texture":"#1","tintindex":0},"west":{"uv":[17.36,15.23,32.59,17.46],"rotation":180,"texture":"#1","tintindex":0},"up":{"uv":[17.36,15.23,15.23,0.0],"rotation":270,"texture":"#1","tintindex":0},"down":{"uv":[19.49,0.0,17.36,15.23],"rotation":270,"texture":"#1","tintindex":0}}}],"textures":{"1":"modelengine:entity/bloque_tronco"},"display":{"head":{"translation":[0.0,-6.4,-57.55429],"scale":[4.0,4.0,4.0]}}}