{"elements":[{"from":[5.592381,5.592381,13.600002],"to":[10.255239,10.026667,29.005718],"rotation":{"angle":0.0,"axis":"y","origin":[7.9238095,7.8095236,43.017147]},"faces":{"east":{"uv":[0.0,6.73,6.73,8.66],"rotation":0,"texture":"#1","tintindex":0},"south":{"uv":[15.49,6.73,17.52,8.66],"rotation":270,"texture":"#1","tintindex":0},"north":{"uv":[6.73,6.73,8.76,8.66],"rotation":270,"texture":"#1","tintindex":0},"west":{"uv":[8.76,6.73,15.49,8.66],"rotation":180,"texture":"#1","tintindex":0},"up":{"uv":[8.76,6.73,6.73,0.0],"rotation":270,"texture":"#1","tintindex":0},"down":{"uv":[10.79,0.0,8.76,6.73],"rotation":270,"texture":"#1","tintindex":0}}},{"from":[-6.750477,5.592381,-15.885714],"to":[-1.8590469,10.712381,29.46286],"rotation":{"angle":0.0,"axis":"y","origin":[-4.304762,8.152381,28.50286]},"faces":{"east":{"uv":[0.0,19.83,19.83,22.06],"rotation":0,"texture":"#1","tintindex":0},"south":{"uv":[41.79,19.83,43.92,22.06],"rotation":270,"texture":"#1","tintindex":0},"north":{"uv":[19.83,19.83,21.96,22.06],"rotation":270,"texture":"#1","tintindex":0},"west":{"uv":[21.96,19.83,41.79,22.06],"rotation":180,"texture":"#1","tintindex":0},"up":{"uv":[21.96,19.83,19.83,0.0],"rotation":270,"texture":"#1","tintindex":0},"down":{"uv":[24.09,0.0,21.96,19.83],"rotation":270,"texture":"#1","tintindex":0}}},{"from":[17.935238,5.478095,-16.0],"to":[22.826668,10.598095,29.577147],"rotation":{"angle":0.0,"axis":"y","origin":[20.380953,8.038095,28.50286]},"faces":{"east":{"uv":[0.0,19.93,19.93,22.16],"rotation":0,"texture":"#1","tintindex":0},"south":{"uv":[41.99,19.93,44.12,22.16],"rotation":270,"texture":"#1","tintindex":0},"north":{"uv":[19.93,19.93,22.06,22.16],"rotation":270,"texture":"#1","tintindex":0},"west":{"uv":[22.06,19.93,41.99,22.16],"rotation":180,"texture":"#1","tintindex":0},"up":{"uv":[22.06,19.93,19.93,0.0],"rotation":270,"texture":"#1","tintindex":0},"down":{"uv":[24.19,0.0,22.06,19.93],"rotation":270,"texture":"#1","tintindex":0}}}],"textures":{"1":"modelengine:entity/bloque_tronco"},"display":{"head":{"translation":[0.0,-6.4,-14.506676],"scale":[4.0,4.0,4.0]}}}