{"elements":[{"from":[-12.640018,6.287984,-2.3520155],"to":[7.264017,9.712016,1.0720162],"rotation":{"angle":0.0,"axis":"y","origin":[-2.6879997,8.0,-0.64000034]},"faces":{"east":{"uv":[0.0,2.130015,2.130015,4.26003],"rotation":0,"texture":"#1","tintindex":0},"south":{"uv":[16.690044,2.130015,29.12006,4.26003],"rotation":0,"texture":"#1","tintindex":0},"north":{"uv":[2.130015,2.130015,14.56003,4.26003],"rotation":0,"texture":"#1","tintindex":0},"west":{"uv":[14.56003,2.130015,16.690044,4.26003],"rotation":180,"texture":"#1","tintindex":0},"up":{"uv":[14.56003,2.130015,2.130015,0.0],"rotation":0,"texture":"#1","tintindex":0},"down":{"uv":[26.990046,0.0,14.56003,2.130015],"rotation":0,"texture":"#1","tintindex":0}}},{"from":[-13.119999,6.288,14.9279995],"to":[7.4240017,9.712,18.352001],"rotation":{"angle":0.0,"axis":"y","origin":[-2.8479996,8.0,16.64]},"faces":{"east":{"uv":[0.0,2.13,2.13,4.26],"rotation":0,"texture":"#1","tintindex":0},"south":{"uv":[17.09,2.13,29.92,4.26],"rotation":0,"texture":"#1","tintindex":0},"north":{"uv":[2.13,2.13,14.96,4.26],"rotation":0,"texture":"#1","tintindex":0},"west":{"uv":[14.96,2.13,17.09,4.26],"rotation":180,"texture":"#1","tintindex":0},"up":{"uv":[14.96,2.13,2.13,0.0],"rotation":0,"texture":"#1","tintindex":0},"down":{"uv":[27.79,0.0,14.96,2.13],"rotation":0,"texture":"#1","tintindex":0}}},{"from":[7.200001,6.288,-2.1920004],"to":[17.824001,9.7136,1.2319999],"rotation":{"angle":0.0,"axis":"y","origin":[12.512001,8.0008,-0.4800005]},"faces":{"east":{"uv":[0.0,2.13,2.13,4.261],"rotation":0,"texture":"#1","tintindex":0},"south":{"uv":[10.89,2.13,17.52,4.261],"rotation":0,"texture":"#1","tintindex":0},"north":{"uv":[2.13,2.13,8.76,4.261],"rotation":0,"texture":"#1","tintindex":0},"west":{"uv":[8.76,2.13,10.89,4.261],"rotation":180,"texture":"#1","tintindex":0},"up":{"uv":[8.76,2.13,2.13,0.0],"rotation":0,"texture":"#1","tintindex":0},"down":{"uv":[15.39,0.0,8.76,2.13],"rotation":0,"texture":"#1","tintindex":0}}},{"from":[5.6000004,6.288,6.288],"to":[17.824001,9.712,9.712],"rotation":{"angle":0.0,"axis":"y","origin":[11.712001,8.0,8.0]},"faces":{"east":{"uv":[0.0,2.13,2.13,4.26],"rotation":0,"texture":"#1","tintindex":0},"south":{"uv":[11.89,2.13,19.52,4.26],"rotation":0,"texture":"#1","tintindex":0},"north":{"uv":[2.13,2.13,9.76,4.26],"rotation":0,"texture":"#1","tintindex":0},"west":{"uv":[9.76,2.13,11.89,4.26],"rotation":0,"texture":"#1","tintindex":0},"up":{"uv":[9.76,2.13,2.13,0.0],"rotation":0,"texture":"#1","tintindex":0},"down":{"uv":[17.39,0.0,9.76,2.13],"rotation":0,"texture":"#1","tintindex":0}}},{"from":[7.200001,6.288,14.9279995],"to":[17.825602,9.712,18.352001],"rotation":{"angle":0.0,"axis":"y","origin":[12.512802,8.0,16.64]},"faces":{"east":{"uv":[0.0,2.13,2.13,4.26],"rotation":0,"texture":"#1","tintindex":0},"south":{"uv":[10.891,2.13,17.522,4.26],"rotation":0,"texture":"#1","tintindex":0},"north":{"uv":[2.13,2.13,8.761,4.26],"rotation":0,"texture":"#1","tintindex":0},"west":{"uv":[8.761,2.13,10.891,4.26],"rotation":180,"texture":"#1","tintindex":0},"up":{"uv":[8.761,2.13,2.13,0.0],"rotation":0,"texture":"#1","tintindex":0},"down":{"uv":[15.392,0.0,8.761,2.13],"rotation":0,"texture":"#1","tintindex":0}}},{"from":[21.760002,6.288,6.288],"to":[27.384,9.712,9.712],"rotation":{"angle":0.0,"axis":"y","origin":[25.872002,8.0,8.0]},"faces":{"east":{"uv":[0.0,2.13,2.13,4.26],"rotation":0,"texture":"#1","tintindex":0},"south":{"uv":[7.765,2.13,11.27,4.26],"rotation":0,"texture":"#1","tintindex":0},"north":{"uv":[2.13,2.13,5.635,4.26],"rotation":0,"texture":"#1","tintindex":0},"west":{"uv":[5.635,2.13,7.765,4.26],"rotation":180,"texture":"#1","tintindex":0},"up":{"uv":[5.635,2.13,2.13,0.0],"rotation":0,"texture":"#1","tintindex":0},"down":{"uv":[9.14,0.0,5.635,2.13],"rotation":0,"texture":"#1","tintindex":0}}},{"from":[-6.239998,6.288,6.288],"to":[5.8240013,9.712,9.712],"rotation":{"angle":0.0,"axis":"y","origin":[-0.20799828,8.0,8.0]},"faces":{"east":{"uv":[0.0,2.13,2.13,4.26],"rotation":0,"texture":"#1","tintindex":0},"south":{"uv":[11.79,2.13,19.32,4.26],"rotation":0,"texture":"#1","tintindex":0},"north":{"uv":[2.13,2.13,9.66,4.26],"rotation":0,"texture":"#1","tintindex":0},"west":{"uv":[9.66,2.13,11.79,4.26],"rotation":0,"texture":"#1","tintindex":0},"up":{"uv":[9.66,2.13,2.13,0.0],"rotation":0,"texture":"#1","tintindex":0},"down":{"uv":[17.19,0.0,9.66,2.13],"rotation":0,"texture":"#1","tintindex":0}}},{"from":[-16.0,6.288,6.288],"to":[-5.696001,9.712,9.712],"rotation":{"angle":0.0,"axis":"y","origin":[-10.848,8.0,8.0]},"faces":{"east":{"uv":[0.0,2.13,2.13,4.26],"rotation":0,"texture":"#1","tintindex":0},"south":{"uv":[10.69,2.13,17.12,4.26],"rotation":0,"texture":"#1","tintindex":0},"north":{"uv":[2.13,2.13,8.56,4.26],"rotation":0,"texture":"#1","tintindex":0},"west":{"uv":[8.56,2.13,10.69,4.26],"rotation":0,"texture":"#1","tintindex":0},"up":{"uv":[8.56,2.13,2.13,0.0],"rotation":0,"texture":"#1","tintindex":0},"down":{"uv":[14.99,0.0,8.56,2.13],"rotation":0,"texture":"#1","tintindex":0}}},{"from":[21.760002,6.288,14.9279995],"to":[25.504002,9.712,18.352001],"rotation":{"angle":0.0,"axis":"y","origin":[23.632002,8.0,16.64]},"faces":{"east":{"uv":[0.0,2.13,2.13,4.26],"rotation":0,"texture":"#1","tintindex":0},"south":{"uv":[6.59,2.13,8.92,4.26],"rotation":0,"texture":"#1","tintindex":0},"north":{"uv":[2.13,2.13,4.46,4.26],"rotation":0,"texture":"#1","tintindex":0},"west":{"uv":[4.46,2.13,6.59,4.26],"rotation":180,"texture":"#1","tintindex":0},"up":{"uv":[4.46,2.13,2.13,0.0],"rotation":0,"texture":"#1","tintindex":0},"down":{"uv":[6.79,0.0,4.46,2.13],"rotation":0,"texture":"#1","tintindex":0}}},{"from":[21.760002,6.288,-2.1920004],"to":[25.504002,9.712,1.2319999],"rotation":{"angle":0.0,"axis":"y","origin":[23.632002,8.0,-0.4800005]},"faces":{"east":{"uv":[0.0,2.13,2.13,4.26],"rotation":0,"texture":"#1","tintindex":0},"south":{"uv":[6.59,2.13,8.92,4.26],"rotation":0,"texture":"#1","tintindex":0},"north":{"uv":[2.13,2.13,4.46,4.26],"rotation":0,"texture":"#1","tintindex":0},"west":{"uv":[4.46,2.13,6.59,4.26],"rotation":180,"texture":"#1","tintindex":0},"up":{"uv":[4.46,2.13,2.13,0.0],"rotation":0,"texture":"#1","tintindex":0},"down":{"uv":[6.79,0.0,4.46,2.13],"rotation":0,"texture":"#1","tintindex":0}}}],"textures":{"1":"modelengine:entity/bloque_tronco"},"display":{"head":{"translation":[-71.48801,-6.4,0.0],"scale":[4.0,4.0,4.0]}}}