{"elements":[{"from":[7.6571426,7.3142858,7.2285714],"to":[8.342857,8.685715,8.771429],"rotation":{"angle":0.0,"axis":"y","origin":[-12.57143,-41.023613,-61.397026]},"faces":{"east":{"uv":[5.227314,10.391502,10.731771,15.971226],"rotation":0,"texture":"#1","tintindex":0},"south":{"uv":[9.468892,11.462215,10.696386,15.004552],"rotation":0,"texture":"#1","tintindex":0},"north":{"uv":[9.444613,11.510774,10.744945,15.004552],"rotation":0,"texture":"#1","tintindex":0},"west":{"uv":[5.227314,10.391502,10.731771,15.971226],"rotation":0,"texture":"#1","tintindex":0},"up":{"uv":[5.195751,11.443826,6.4742317,15.005946],"rotation":180,"texture":"#1","tintindex":0},"down":{"uv":[9.633991,10.775114,9.938875,11.093532],"rotation":0,"texture":"#1","tintindex":0}}}],"textures":{"1":"modelengine:entity/bloqueslizos"},"display":{"head":{"translation":[0.0,-6.4,0.0],"scale":[4.0,4.0,4.0]}}}