{"elements":[{"from":[7.1755486,7.366534,7.879112],"to":[7.648691,8.785963,8.115684],"rotation":{"angle":0.0,"axis":"y","origin":[7.41212,8.076249,7.997398]},"faces":{"east":{"uv":[0.0,0.0125,13.465664,1.0345864],"rotation":0,"texture":"#4","tintindex":0},"south":{"uv":[0.120300755,0.0125,13.465664,1.0345864],"rotation":0,"texture":"#4","tintindex":0},"north":{"uv":[0.0,0.0125,13.465664,1.0345864],"rotation":0,"texture":"#4","tintindex":0},"west":{"uv":[0.0,0.0125,13.465664,1.0345864],"rotation":0,"texture":"#4","tintindex":0},"up":{"uv":[0.0,0.003125,13.465664,1.0345864],"rotation":0,"texture":"#4","tintindex":0},"down":{"uv":[0.0,0.003125,13.465664,1.0345864],"rotation":0,"texture":"#4","tintindex":0}}},{"from":[8.358406,7.366534,7.879112],"to":[8.831549,8.785963,8.115684],"rotation":{"angle":0.0,"axis":"y","origin":[8.594977,8.076249,7.997398]},"faces":{"east":{"uv":[0.0,0.2531015,13.465664,1.275188],"rotation":0,"texture":"#4","tintindex":0},"south":{"uv":[0.0,0.0125,13.465664,1.0345864],"rotation":0,"texture":"#4","tintindex":0},"north":{"uv":[0.0,0.0125,13.465664,1.0345864],"rotation":0,"texture":"#4","tintindex":0},"west":{"uv":[0.0,0.0125,13.465664,1.0345864],"rotation":0,"texture":"#4","tintindex":0},"up":{"uv":[0.0,0.003125,13.465664,1.0345864],"rotation":0,"texture":"#4","tintindex":0},"down":{"uv":[0.0,0.003125,13.465664,1.0345864],"rotation":0,"texture":"#4","tintindex":0}}},{"from":[7.16372,6.9774656,7.879112],"to":[8.81972,7.4506083,8.115684],"rotation":{"angle":0.0,"axis":"y","origin":[7.99172,7.214037,7.997398]},"faces":{"east":{"uv":[0.0,0.20498121,13.465664,1.0345864],"rotation":0,"texture":"#4","tintindex":0},"south":{"uv":[0.0,0.20498121,13.465664,1.0345864],"rotation":0,"texture":"#4","tintindex":0},"north":{"uv":[0.0,0.20498121,13.465664,1.0345864],"rotation":0,"texture":"#4","tintindex":0},"west":{"uv":[0.0,0.20498121,13.465664,1.0345864],"rotation":0,"texture":"#4","tintindex":0},"up":{"uv":[0.0,0.1956062,13.465664,1.0345864],"rotation":0,"texture":"#4","tintindex":0},"down":{"uv":[0.0,0.1956062,13.465664,1.0345864],"rotation":0,"texture":"#4","tintindex":0}}},{"from":[7.173183,8.396894,7.889521],"to":[8.829183,8.870037,8.126093],"rotation":{"angle":0.0,"axis":"y","origin":[7.5284805,-0.7683687,-35.763588]},"faces":{"east":{"uv":[0.0,0.20498121,13.465664,1.0345864],"rotation":0,"texture":"#4","tintindex":0},"south":{"uv":[0.0,0.20498121,13.465664,1.0345864],"rotation":0,"texture":"#4","tintindex":0},"north":{"uv":[0.0,0.20498121,13.465664,1.0345864],"rotation":0,"texture":"#4","tintindex":0},"west":{"uv":[0.0,0.20498121,13.465664,1.0345864],"rotation":0,"texture":"#4","tintindex":0},"up":{"uv":[0.0,0.1956062,13.465664,1.0345864],"rotation":0,"texture":"#4","tintindex":0},"down":{"uv":[0.0,0.1956062,13.465664,1.0345864],"rotation":0,"texture":"#4","tintindex":0}}}],"textures":{"4":"modelengine:entity/ladrillo_piedra_liza"},"display":{"head":{"translation":[0.0,-6.4,0.0],"scale":[4.0,4.0,4.0]}}}