{"elements":[{"from":[7.402571,7.540967,7.9124],"to":[7.7454286,8.569538,8.083829],"rotation":{"angle":0.0,"axis":"y","origin":[7.574,8.055253,7.998114]},"faces":{"east":{"uv":[0.0,0.0125,13.465664,1.0345864],"rotation":0,"texture":"#4","tintindex":0},"south":{"uv":[0.120300755,0.0125,13.465664,1.0345864],"rotation":0,"texture":"#4","tintindex":0},"north":{"uv":[0.0,0.0125,13.465664,1.0345864],"rotation":0,"texture":"#4","tintindex":0},"west":{"uv":[0.0,0.0125,13.465664,1.0345864],"rotation":0,"texture":"#4","tintindex":0},"up":{"uv":[0.0,0.003125,13.465664,1.0345864],"rotation":0,"texture":"#4","tintindex":0},"down":{"uv":[0.0,0.003125,13.465664,1.0345864],"rotation":0,"texture":"#4","tintindex":0}}},{"from":[8.259714,7.540967,7.9124],"to":[8.6025715,8.569538,8.083829],"rotation":{"angle":0.0,"axis":"y","origin":[8.431143,8.055253,7.998114]},"faces":{"east":{"uv":[0.0,0.2531015,13.465664,1.275188],"rotation":0,"texture":"#4","tintindex":0},"south":{"uv":[0.0,0.0125,13.465664,1.0345864],"rotation":0,"texture":"#4","tintindex":0},"north":{"uv":[0.0,0.0125,13.465664,1.0345864],"rotation":0,"texture":"#4","tintindex":0},"west":{"uv":[0.0,0.0125,13.465664,1.0345864],"rotation":0,"texture":"#4","tintindex":0},"up":{"uv":[0.0,0.003125,13.465664,1.0345864],"rotation":0,"texture":"#4","tintindex":0},"down":{"uv":[0.0,0.003125,13.465664,1.0345864],"rotation":0,"texture":"#4","tintindex":0}}},{"from":[7.394,7.259033,7.9124],"to":[8.594,7.60189,8.083829],"rotation":{"angle":0.0,"axis":"y","origin":[7.994,7.4304614,7.998114]},"faces":{"east":{"uv":[0.0,0.20498121,13.465664,1.0345864],"rotation":0,"texture":"#4","tintindex":0},"south":{"uv":[0.0,0.20498121,13.465664,1.0345864],"rotation":0,"texture":"#4","tintindex":0},"north":{"uv":[0.0,0.20498121,13.465664,1.0345864],"rotation":0,"texture":"#4","tintindex":0},"west":{"uv":[0.0,0.20498121,13.465664,1.0345864],"rotation":0,"texture":"#4","tintindex":0},"up":{"uv":[0.0,0.1956062,13.465664,1.0345864],"rotation":0,"texture":"#4","tintindex":0},"down":{"uv":[0.0,0.1956062,13.465664,1.0345864],"rotation":0,"texture":"#4","tintindex":0}}},{"from":[7.400857,8.287604,7.919943],"to":[8.600857,8.630462,8.091372],"rotation":{"angle":0.0,"axis":"y","origin":[7.658319,1.6461096,-23.712744]},"faces":{"east":{"uv":[0.0,0.20498121,13.465664,1.0345864],"rotation":0,"texture":"#4","tintindex":0},"south":{"uv":[0.0,0.20498121,13.465664,1.0345864],"rotation":0,"texture":"#4","tintindex":0},"north":{"uv":[0.0,0.20498121,13.465664,1.0345864],"rotation":0,"texture":"#4","tintindex":0},"west":{"uv":[0.0,0.20498121,13.465664,1.0345864],"rotation":0,"texture":"#4","tintindex":0},"up":{"uv":[0.0,0.1956062,13.465664,1.0345864],"rotation":0,"texture":"#4","tintindex":0},"down":{"uv":[0.0,0.1956062,13.465664,1.0345864],"rotation":0,"texture":"#4","tintindex":0}}}],"textures":{"4":"modelengine:entity/ladrillo_piedra_liza"},"display":{"head":{"translation":[0.0,-6.4,0.0],"scale":[4.0,4.0,4.0]}}}