{"elements":[{"from":[7.526857,7.2902856,6.9354286],"to":[8.473143,8.709714,9.064571],"rotation":{"angle":0.0,"axis":"y","origin":[36.861717,-59.416016,-87.7679]},"faces":{"east":{"uv":[5.227314,10.391502,10.731771,15.971226],"rotation":0,"texture":"#1","tintindex":0},"south":{"uv":[9.468892,11.462215,10.696386,15.004552],"rotation":0,"texture":"#1","tintindex":0},"north":{"uv":[9.444613,11.510774,10.744945,15.004552],"rotation":0,"texture":"#1","tintindex":0},"west":{"uv":[5.227314,10.391502,10.731771,15.971226],"rotation":0,"texture":"#1","tintindex":0},"up":{"uv":[5.195751,11.443826,6.4742317,15.005946],"rotation":180,"texture":"#1","tintindex":0},"down":{"uv":[9.633991,10.775114,9.938875,11.093532],"rotation":0,"texture":"#1","tintindex":0}}}],"textures":{"1":"modelengine:entity/bloqueslizos"},"display":{"head":{"translation":[0.0,-6.4,0.0],"scale":[4.0,4.0,4.0]}}}