{"elements":[{"from":[9.521348,-2.2277718,-2.294179],"to":[14.915177,17.833487,17.76708],"rotation":{"angle":0.0,"axis":"x","origin":[57.997486,11.114858,21.602255]},"faces":{"east":{"uv":[0.0,0.0,16.0,7.93985],"rotation":0,"texture":"#4","tintindex":0},"south":{"uv":[0.0,0.160401,16.0,7.93985],"rotation":0,"texture":"#4","tintindex":0},"north":{"uv":[0.0,0.0,16.0,7.93985],"rotation":0,"texture":"#4","tintindex":0},"west":{"uv":[0.0,6.857143,16.0,7.93985],"rotation":0,"texture":"#4","tintindex":0},"up":{"uv":[0.0,0.160401,16.0,8.10025],"rotation":270,"texture":"#4","tintindex":0},"down":{"uv":[0.0,0.0802005,16.0,7.93985],"rotation":0,"texture":"#4","tintindex":0}}},{"from":[3.8436337,8.181372,-5.1330357],"to":[13.022606,20.672344,21.552223],"rotation":{"angle":0.0,"axis":"x","origin":[57.997486,11.114858,21.602255]},"faces":{"east":{"uv":[0.0,0.0,16.0,7.93985],"rotation":0,"texture":"#4","tintindex":0},"south":{"uv":[0.0,0.160401,16.0,7.93985],"rotation":0,"texture":"#4","tintindex":0},"north":{"uv":[0.0,0.0,16.0,7.93985],"rotation":0,"texture":"#4","tintindex":0},"west":{"uv":[5.9670424,14.96875,2.90625,14.008537],"rotation":0,"texture":"#4","tintindex":0},"up":{"uv":[0.0,0.0,16.0,8.10025],"rotation":270,"texture":"#4","tintindex":0},"down":{"uv":[6.817043,14.957394,0.0,13.977287],"rotation":0,"texture":"#4","tintindex":0}}},{"from":[3.8436337,-3.6472006,-5.1330357],"to":[13.022606,8.370628,21.552223],"rotation":{"angle":0.0,"axis":"x","origin":[57.997486,-3.0794287,21.602255]},"faces":{"east":{"uv":[0.0,0.0,16.0,7.93985],"rotation":0,"texture":"#4","tintindex":0},"south":{"uv":[0.0,0.0,16.0,7.93985],"rotation":0,"texture":"#4","tintindex":0},"north":{"uv":[0.0,1.0827068,16.0,7.93985],"rotation":0,"texture":"#4","tintindex":0},"west":{"uv":[5.9670424,14.926144,2.90625,14.008537],"rotation":0,"texture":"#4","tintindex":0},"up":{"uv":[6.817043,14.957394,0.0,13.977287],"rotation":0,"texture":"#4","tintindex":0},"down":{"uv":[0.0,0.120300755,16.0,7.93985],"rotation":0,"texture":"#4","tintindex":0}}},{"from":[2.071063,13.859086,-5.761839],"to":[8.411179,21.61863,21.396563],"rotation":{"angle":0.0,"axis":"x","origin":[57.997486,10.641714,20.65597]},"faces":{"east":{"uv":[0.0,0.0,16.0,7.93985],"rotation":0,"texture":"#4","tintindex":0},"south":{"uv":[0.0,0.0,16.0,7.93985],"rotation":0,"texture":"#4","tintindex":0},"north":{"uv":[0.0,0.0,16.0,7.93985],"rotation":0,"texture":"#4","tintindex":0},"west":{"uv":[15.037594,0.0,1.0025063,7.5789475],"rotation":0,"texture":"#4","tintindex":0},"up":{"uv":[0.0,0.0,16.0,8.10025],"rotation":270,"texture":"#4","tintindex":0},"down":{"uv":[0.0,0.0,16.0,7.93985],"rotation":0,"texture":"#4","tintindex":0}}},{"from":[5.736205,-2.2277718,-2.294179],"to":[11.1300335,17.833487,17.76708],"rotation":{"angle":0.0,"axis":"x","origin":[57.997486,11.114858,21.602255]},"faces":{"east":{"uv":[0.0,0.0,16.0,7.93985],"rotation":0,"texture":"#4","tintindex":0},"south":{"uv":[0.0,0.0,16.0,7.93985],"rotation":0,"texture":"#4","tintindex":0},"north":{"uv":[0.0,0.0,16.0,7.93985],"rotation":0,"texture":"#4","tintindex":0},"west":{"uv":[7.7794485,9.223058,7.378446,11.749373],"rotation":0,"texture":"#4","tintindex":0},"up":{"uv":[0.0,0.0,16.0,8.10025],"rotation":270,"texture":"#4","tintindex":0},"down":{"uv":[0.0,0.0,16.0,7.93985],"rotation":0,"texture":"#4","tintindex":0}}},{"from":[2.0712008,-6.0129147,-5.761795],"to":[8.411316,1.7466288,22.342892],"rotation":{"angle":0.0,"axis":"x","origin":[55.63177,14.9,18.763397]},"faces":{"east":{"uv":[0.0,0.0,16.0,7.93985],"rotation":0,"texture":"#4","tintindex":0},"south":{"uv":[0.0,0.0,16.0,7.93985],"rotation":0,"texture":"#4","tintindex":0},"north":{"uv":[0.0,0.0,16.0,7.93985],"rotation":0,"texture":"#4","tintindex":0},"west":{"uv":[14.756892,7.418546,0.0,0.0],"rotation":0,"texture":"#4","tintindex":0},"up":{"uv":[0.0,0.0,16.0,8.10025],"rotation":270,"texture":"#4","tintindex":0},"down":{"uv":[1.0025063,7.859649,14.917294,1.1629072],"rotation":90,"texture":"#4","tintindex":0}}}],"textures":{"4":"modelengine:entity/ladrillo_piedra_liza"},"display":{"head":{"translation":[0.0,-6.4,0.0],"scale":[4.0,4.0,4.0]}}}