{"elements":[{"from":[8.733968,-7.282571,-10.3222885],"to":[8.970539,-7.0459986,-4.8811455],"rotation":{"angle":0.0,"axis":"y","origin":[8.852254,-7.1642847,-7.601715]},"faces":{"east":{"uv":[8.10025,8.749875,16.0,8.10025],"rotation":0,"texture":"#4","tintindex":0},"south":{"uv":[8.10025,8.749875,16.0,8.10025],"rotation":0,"texture":"#4","tintindex":0},"north":{"uv":[8.10025,8.749875,16.0,8.10025],"rotation":0,"texture":"#4","tintindex":0},"west":{"uv":[8.10025,8.749875,16.0,8.10025],"rotation":0,"texture":"#4","tintindex":0},"up":{"uv":[8.10025,8.749875,16.0,8.10025],"rotation":0,"texture":"#4","tintindex":0},"down":{"uv":[8.10025,8.749875,16.0,8.10025],"rotation":0,"texture":"#4","tintindex":0}}},{"from":[8.733968,-7.282571,-16.0],"to":[8.970539,-7.0459986,-10.3222885],"rotation":{"angle":0.0,"axis":"y","origin":[8.0,8.0,26.47955]},"faces":{"east":{"uv":[8.10025,8.749875,16.0,8.10025],"rotation":0,"texture":"#4","tintindex":0},"south":{"uv":[8.10025,8.749875,16.0,8.10025],"rotation":0,"texture":"#4","tintindex":0},"north":{"uv":[8.10025,8.749875,16.0,8.10025],"rotation":0,"texture":"#4","tintindex":0},"west":{"uv":[8.10025,8.749875,16.0,8.10025],"rotation":0,"texture":"#4","tintindex":0},"up":{"uv":[8.10025,8.749875,16.0,8.10025],"rotation":0,"texture":"#4","tintindex":0},"down":{"uv":[8.10025,8.749875,16.0,8.10025],"rotation":0,"texture":"#4","tintindex":0}}}],"textures":{"4":"modelengine:entity/ladrillo_piedra_liza"},"display":{"head":{"translation":[0.0,-6.4,-73.9182],"scale":[4.0,4.0,4.0]}}}