{"elements":[{"from":[-10.390532,-16.0,-3.7459173],"to":[-10.304819,2.857143,1.3969402],"rotation":{"angle":0.0,"axis":"y","origin":[-10.347675,-6.5714283,-1.174489]},"faces":{"east":{"uv":[0.0,10.6875,8.875,15.6875],"rotation":270,"texture":"#5","tintindex":0},"south":{"uv":[0.0,10.6875,8.875,15.6875],"rotation":270,"texture":"#5","tintindex":0},"north":{"uv":[0.0,10.6875,8.875,15.6875],"rotation":270,"texture":"#5","tintindex":0},"west":{"uv":[0.0,10.6875,8.875,15.6875],"rotation":270,"texture":"#5","tintindex":0},"up":{"uv":[0.0,10.6875,8.344512,15.6875],"rotation":270,"texture":"#5","tintindex":0},"down":{"uv":[0.0,10.6875,8.344512,15.6875],"rotation":270,"texture":"#5","tintindex":0}}}],"textures":{"5":"modelengine:entity/oak_wood"},"display":{"head":{"translation":[0.0,-12.1352825,0.0],"scale":[4.0,4.0,4.0]}}}