{"elements":[{"from":[-16.0,-16.0,-5.843652],"to":[-15.881714,-1.8057156,1.2534919],"rotation":{"angle":0.0,"axis":"y","origin":[-15.940857,-8.902859,-2.2950802]},"faces":{"east":{"uv":[0.0,11.5,8.875,13.875],"rotation":270,"texture":"#5","tintindex":0},"south":{"uv":[0.0,11.5,8.875,13.875],"rotation":270,"texture":"#5","tintindex":0},"north":{"uv":[0.0,11.5,8.875,13.875],"rotation":270,"texture":"#5","tintindex":0},"west":{"uv":[0.0,11.5,8.875,13.875],"rotation":270,"texture":"#5","tintindex":0},"up":{"uv":[0.0,11.5,8.344512,13.875],"rotation":270,"texture":"#5","tintindex":0},"down":{"uv":[0.0,11.5,8.344512,13.875],"rotation":270,"texture":"#5","tintindex":0}}}],"textures":{"5":"modelengine:entity/oak_wood"},"display":{"head":{"translation":[-7.8814545,-32.81526,0.0],"scale":[4.0,4.0,4.0]}}}