{"elements":[{"from":[-16.0,-16.0,-8.209366],"to":[-15.881714,10.02286,-1.1122227],"rotation":{"angle":0.0,"axis":"y","origin":[-15.940857,-2.9885693,-4.6607943]},"faces":{"east":{"uv":[0.0,10.6875,8.875,15.6875],"rotation":270,"texture":"#5","tintindex":0},"south":{"uv":[0.0,10.6875,8.875,15.6875],"rotation":270,"texture":"#5","tintindex":0},"north":{"uv":[0.0,10.6875,8.875,15.6875],"rotation":270,"texture":"#5","tintindex":0},"west":{"uv":[0.0,10.6875,8.875,15.6875],"rotation":270,"texture":"#5","tintindex":0},"up":{"uv":[0.0,10.6875,8.344512,15.6875],"rotation":270,"texture":"#5","tintindex":0},"down":{"uv":[0.0,10.6875,8.344512,15.6875],"rotation":270,"texture":"#5","tintindex":0}}}],"textures":{"5":"modelengine:entity/oak_wood"},"display":{"head":{"translation":[-5.5157394,-50.7947,0.0],"scale":[4.0,4.0,4.0]}}}