{"elements":[{"from":[-7.332858,4.245714,11.874286],"to":[-6.3385715,11.754286,12.525715],"rotation":{"angle":0.0,"axis":"y","origin":[-6.6642866,8.085714,12.200001]},"faces":{"east":{"uv":[0.0109375,0.0625,0.021875,0.13125],"rotation":0,"texture":"#5","tintindex":0},"south":{"uv":[0.0859375,0.0625,0.103125,0.13125],"rotation":0,"texture":"#5","tintindex":0},"north":{"uv":[0.7421875,0.0625,0.759375,0.13125],"rotation":0,"texture":"#5","tintindex":0},"west":{"uv":[0.6671875,0.0625,0.678125,0.13125],"rotation":0,"texture":"#5","tintindex":0},"up":{"uv":[0.65625,0.0734375,0.6734375,0.084375],"rotation":0,"texture":"#5","tintindex":0},"down":{"uv":[1.25,0.0109375,1.2671875,0.021875],"rotation":0,"texture":"#5","tintindex":0}}},{"from":[-7.6757154,4.245714,3.4742856],"to":[-6.3385715,11.754286,4.1257143],"rotation":{"angle":0.0,"axis":"y","origin":[-6.6642866,8.085714,3.7999997]},"faces":{"east":{"uv":[0.0109375,0.0625,0.021875,0.13125],"rotation":0,"texture":"#5","tintindex":0},"south":{"uv":[0.0859375,0.0625,0.103125,0.13125],"rotation":0,"texture":"#5","tintindex":0},"north":{"uv":[0.7421875,0.0625,0.759375,0.13125],"rotation":0,"texture":"#5","tintindex":0},"west":{"uv":[0.6671875,0.0625,0.678125,0.13125],"rotation":0,"texture":"#5","tintindex":0},"up":{"uv":[0.65625,0.0734375,0.6734375,0.084375],"rotation":0,"texture":"#5","tintindex":0},"down":{"uv":[1.25,0.0109375,1.2671875,0.021875],"rotation":0,"texture":"#5","tintindex":0}}},{"from":[3.9814286,4.245714,11.874286],"to":[4.975714,11.754286,12.525715],"rotation":{"angle":0.0,"axis":"y","origin":[4.3071427,8.085714,12.200001]},"faces":{"east":{"uv":[0.0109375,0.0625,0.021875,0.13125],"rotation":0,"texture":"#5","tintindex":0},"south":{"uv":[0.0859375,0.0625,0.103125,0.13125],"rotation":0,"texture":"#5","tintindex":0},"north":{"uv":[0.7421875,0.0625,0.759375,0.13125],"rotation":0,"texture":"#5","tintindex":0},"west":{"uv":[0.6671875,0.0625,0.678125,0.13125],"rotation":0,"texture":"#5","tintindex":0},"up":{"uv":[0.65625,0.0734375,0.6734375,0.084375],"rotation":0,"texture":"#5","tintindex":0},"down":{"uv":[1.25,0.0109375,1.2671875,0.021875],"rotation":0,"texture":"#5","tintindex":0}}},{"from":[3.9814286,4.245714,3.4742856],"to":[5.318571,11.754286,4.1257143],"rotation":{"angle":0.0,"axis":"y","origin":[4.3071427,8.085714,3.7999997]},"faces":{"east":{"uv":[0.0109375,0.0625,0.021875,0.13125],"rotation":0,"texture":"#5","tintindex":0},"south":{"uv":[0.0859375,0.0625,0.103125,0.13125],"rotation":0,"texture":"#5","tintindex":0},"north":{"uv":[0.7421875,0.0625,0.759375,0.13125],"rotation":0,"texture":"#5","tintindex":0},"west":{"uv":[0.6671875,0.0625,0.678125,0.13125],"rotation":0,"texture":"#5","tintindex":0},"up":{"uv":[0.65625,0.0734375,0.6734375,0.084375],"rotation":0,"texture":"#5","tintindex":0},"down":{"uv":[1.25,0.0109375,1.2671875,0.021875],"rotation":0,"texture":"#5","tintindex":0}}},{"from":[11.01,4.245714,11.874286],"to":[12.004286,11.754286,12.525715],"rotation":{"angle":0.0,"axis":"y","origin":[11.764286,8.085714,12.200001]},"faces":{"east":{"uv":[0.0109375,0.0625,0.021875,0.13125],"rotation":0,"texture":"#5","tintindex":0},"south":{"uv":[0.0859375,0.0625,0.103125,0.13125],"rotation":0,"texture":"#5","tintindex":0},"north":{"uv":[0.7421875,0.0625,0.759375,0.13125],"rotation":0,"texture":"#5","tintindex":0},"west":{"uv":[0.6671875,0.0625,0.678125,0.13125],"rotation":0,"texture":"#5","tintindex":0},"up":{"uv":[0.65625,0.0734375,0.6734375,0.084375],"rotation":0,"texture":"#5","tintindex":0},"down":{"uv":[1.25,0.0109375,1.2671875,0.021875],"rotation":0,"texture":"#5","tintindex":0}}},{"from":[10.752857,4.245714,3.4742856],"to":[12.09,11.754286,4.1257143],"rotation":{"angle":0.0,"axis":"y","origin":[11.764286,8.085714,3.7999997]},"faces":{"east":{"uv":[0.0109375,0.0625,0.021875,0.13125],"rotation":0,"texture":"#5","tintindex":0},"south":{"uv":[0.0859375,0.0625,0.103125,0.13125],"rotation":0,"texture":"#5","tintindex":0},"north":{"uv":[0.7421875,0.0625,0.759375,0.13125],"rotation":0,"texture":"#5","tintindex":0},"west":{"uv":[0.6671875,0.0625,0.678125,0.13125],"rotation":0,"texture":"#5","tintindex":0},"up":{"uv":[0.65625,0.0734375,0.6734375,0.084375],"rotation":0,"texture":"#5","tintindex":0},"down":{"uv":[1.25,0.0109375,1.2671875,0.021875],"rotation":0,"texture":"#5","tintindex":0}}},{"from":[29.352858,4.245714,3.4742856],"to":[30.69,11.754286,4.1257143],"rotation":{"angle":0.0,"axis":"y","origin":[30.02143,8.085714,3.7999997]},"faces":{"east":{"uv":[0.0109375,0.0625,0.021875,0.13125],"rotation":0,"texture":"#5","tintindex":0},"south":{"uv":[0.0859375,0.0625,0.103125,0.13125],"rotation":0,"texture":"#5","tintindex":0},"north":{"uv":[0.7421875,0.0625,0.759375,0.13125],"rotation":0,"texture":"#5","tintindex":0},"west":{"uv":[0.6671875,0.0625,0.678125,0.13125],"rotation":0,"texture":"#5","tintindex":0},"up":{"uv":[0.65625,0.0734375,0.6734375,0.084375],"rotation":0,"texture":"#5","tintindex":0},"down":{"uv":[1.25,0.0109375,1.2671875,0.021875],"rotation":0,"texture":"#5","tintindex":0}}},{"from":[22.238571,4.245714,3.4742856],"to":[23.575714,11.754286,4.1257143],"rotation":{"angle":0.0,"axis":"y","origin":[22.907143,8.085714,3.7999997]},"faces":{"east":{"uv":[0.0109375,0.0625,0.021875,0.13125],"rotation":0,"texture":"#5","tintindex":0},"south":{"uv":[0.0859375,0.0625,0.103125,0.13125],"rotation":0,"texture":"#5","tintindex":0},"north":{"uv":[0.7421875,0.0625,0.759375,0.13125],"rotation":0,"texture":"#5","tintindex":0},"west":{"uv":[0.6671875,0.0625,0.678125,0.13125],"rotation":0,"texture":"#5","tintindex":0},"up":{"uv":[0.65625,0.0734375,0.6734375,0.084375],"rotation":0,"texture":"#5","tintindex":0},"down":{"uv":[1.25,0.0109375,1.2671875,0.021875],"rotation":0,"texture":"#5","tintindex":0}}},{"from":[22.238571,4.245714,11.874286],"to":[23.232859,11.754286,12.525715],"rotation":{"angle":0.0,"axis":"y","origin":[22.907143,8.085714,12.200001]},"faces":{"east":{"uv":[0.0109375,0.0625,0.021875,0.13125],"rotation":0,"texture":"#5","tintindex":0},"south":{"uv":[0.0859375,0.0625,0.103125,0.13125],"rotation":0,"texture":"#5","tintindex":0},"north":{"uv":[0.7421875,0.0625,0.759375,0.13125],"rotation":0,"texture":"#5","tintindex":0},"west":{"uv":[0.6671875,0.0625,0.678125,0.13125],"rotation":0,"texture":"#5","tintindex":0},"up":{"uv":[0.65625,0.0734375,0.6734375,0.084375],"rotation":0,"texture":"#5","tintindex":0},"down":{"uv":[1.25,0.0109375,1.2671875,0.021875],"rotation":0,"texture":"#5","tintindex":0}}},{"from":[29.524286,4.245714,11.874286],"to":[30.518574,11.754286,12.525715],"rotation":{"angle":0.0,"axis":"y","origin":[30.02143,8.085714,12.200001]},"faces":{"east":{"uv":[0.0109375,0.0625,0.021875,0.13125],"rotation":0,"texture":"#5","tintindex":0},"south":{"uv":[0.0859375,0.0625,0.103125,0.13125],"rotation":0,"texture":"#5","tintindex":0},"north":{"uv":[0.7421875,0.0625,0.759375,0.13125],"rotation":0,"texture":"#5","tintindex":0},"west":{"uv":[0.6671875,0.0625,0.678125,0.13125],"rotation":0,"texture":"#5","tintindex":0},"up":{"uv":[0.65625,0.0734375,0.6734375,0.084375],"rotation":0,"texture":"#5","tintindex":0},"down":{"uv":[1.25,0.0109375,1.2671875,0.021875],"rotation":0,"texture":"#5","tintindex":0}}},{"from":[-14.532858,4.245714,11.874286],"to":[-13.538572,11.754286,12.525715],"rotation":{"angle":0.0,"axis":"y","origin":[-14.207144,8.085714,12.200001]},"faces":{"east":{"uv":[0.0109375,0.0625,0.021875,0.13125],"rotation":0,"texture":"#5","tintindex":0},"south":{"uv":[0.0859375,0.0625,0.103125,0.13125],"rotation":0,"texture":"#5","tintindex":0},"north":{"uv":[0.7421875,0.0625,0.759375,0.13125],"rotation":0,"texture":"#5","tintindex":0},"west":{"uv":[0.6671875,0.0625,0.678125,0.13125],"rotation":0,"texture":"#5","tintindex":0},"up":{"uv":[0.65625,0.0734375,0.6734375,0.084375],"rotation":0,"texture":"#5","tintindex":0},"down":{"uv":[1.25,0.0109375,1.2671875,0.021875],"rotation":0,"texture":"#5","tintindex":0}}},{"from":[-14.532858,4.245714,3.4742856],"to":[-13.195715,11.754286,4.1257143],