{"elements":[{"from":[-6.8115406,4.3733597,11.742559],"to":[-5.851061,11.62664,12.3718405],"rotation":{"angle":0.0,"axis":"y","origin":[-6.1657,8.0828,12.0571995]},"faces":{"east":{"uv":[0.0109375,0.0625,0.021875,0.13125],"rotation":0,"texture":"#5","tintindex":0},"south":{"uv":[0.0859375,0.0625,0.103125,0.13125],"rotation":0,"texture":"#5","tintindex":0},"north":{"uv":[0.7421875,0.0625,0.759375,0.13125],"rotation":0,"texture":"#5","tintindex":0},"west":{"uv":[0.6671875,0.0625,0.678125,0.13125],"rotation":0,"texture":"#5","tintindex":0},"up":{"uv":[0.65625,0.0734375,0.6734375,0.084375],"rotation":0,"texture":"#5","tintindex":0},"down":{"uv":[1.25,0.0109375,1.2671875,0.021875],"rotation":0,"texture":"#5","tintindex":0}}},{"from":[-7.1427402,4.3733597,3.6281595],"to":[-5.851061,11.62664,4.25744],"rotation":{"angle":0.0,"axis":"y","origin":[-6.1657,8.0828,3.9428]},"faces":{"east":{"uv":[0.0109375,0.0625,0.021875,0.13125],"rotation":0,"texture":"#5","tintindex":0},"south":{"uv":[0.0859375,0.0625,0.103125,0.13125],"rotation":0,"texture":"#5","tintindex":0},"north":{"uv":[0.7421875,0.0625,0.759375,0.13125],"rotation":0,"texture":"#5","tintindex":0},"west":{"uv":[0.6671875,0.0625,0.678125,0.13125],"rotation":0,"texture":"#5","tintindex":0},"up":{"uv":[0.65625,0.0734375,0.6734375,0.084375],"rotation":0,"texture":"#5","tintindex":0},"down":{"uv":[1.25,0.0109375,1.2671875,0.021875],"rotation":0,"texture":"#5","tintindex":0}}},{"from":[4.11806,4.3733597,11.742559],"to":[5.07854,11.62664,12.3718405],"rotation":{"angle":0.0,"axis":"y","origin":[4.4327,8.0828,12.0571995]},"faces":{"east":{"uv":[0.0109375,0.0625,0.021875,0.13125],"rotation":0,"texture":"#5","tintindex":0},"south":{"uv":[0.0859375,0.0625,0.103125,0.13125],"rotation":0,"texture":"#5","tintindex":0},"north":{"uv":[0.7421875,0.0625,0.759375,0.13125],"rotation":0,"texture":"#5","tintindex":0},"west":{"uv":[0.6671875,0.0625,0.678125,0.13125],"rotation":0,"texture":"#5","tintindex":0},"up":{"uv":[0.65625,0.0734375,0.6734375,0.084375],"rotation":0,"texture":"#5","tintindex":0},"down":{"uv":[1.25,0.0109375,1.2671875,0.021875],"rotation":0,"texture":"#5","tintindex":0}}},{"from":[4.11806,4.3733597,3.6281595],"to":[5.40974,11.62664,4.25744],"rotation":{"angle":0.0,"axis":"y","origin":[4.4327,8.0828,3.9428]},"faces":{"east":{"uv":[0.0109375,0.0625,0.021875,0.13125],"rotation":0,"texture":"#5","tintindex":0},"south":{"uv":[0.0859375,0.0625,0.103125,0.13125],"rotation":0,"texture":"#5","tintindex":0},"north":{"uv":[0.7421875,0.0625,0.759375,0.13125],"rotation":0,"texture":"#5","tintindex":0},"west":{"uv":[0.6671875,0.0625,0.678125,0.13125],"rotation":0,"texture":"#5","tintindex":0},"up":{"uv":[0.65625,0.0734375,0.6734375,0.084375],"rotation":0,"texture":"#5","tintindex":0},"down":{"uv":[1.25,0.0109375,1.2671875,0.021875],"rotation":0,"texture":"#5","tintindex":0}}},{"from":[10.9076605,4.3733597,11.742559],"to":[11.86814,11.62664,12.3718405],"rotation":{"angle":0.0,"axis":"y","origin":[11.6363,8.0828,12.0571995]},"faces":{"east":{"uv":[0.0109375,0.0625,0.021875,0.13125],"rotation":0,"texture":"#5","tintindex":0},"south":{"uv":[0.0859375,0.0625,0.103125,0.13125],"rotation":0,"texture":"#5","tintindex":0},"north":{"uv":[0.7421875,0.0625,0.759375,0.13125],"rotation":0,"texture":"#5","tintindex":0},"west":{"uv":[0.6671875,0.0625,0.678125,0.13125],"rotation":0,"texture":"#5","tintindex":0},"up":{"uv":[0.65625,0.0734375,0.6734375,0.084375],"rotation":0,"texture":"#5","tintindex":0},"down":{"uv":[1.25,0.0109375,1.2671875,0.021875],"rotation":0,"texture":"#5","tintindex":0}}},{"from":[10.65926,4.3733597,3.6281595],"to":[11.95094,11.62664,4.25744],"rotation":{"angle":0.0,"axis":"y","origin":[11.6363,8.0828,3.9428]},"faces":{"east":{"uv":[0.0109375,0.0625,0.021875,0.13125],"rotation":0,"texture":"#5","tintindex":0},"south":{"uv":[0.0859375,0.0625,0.103125,0.13125],"rotation":0,"texture":"#5","tintindex":0},"north":{"uv":[0.7421875,0.0625,0.759375,0.13125],"rotation":0,"texture":"#5","tintindex":0},"west":{"uv":[0.6671875,0.0625,0.678125,0.13125],"rotation":0,"texture":"#5","tintindex":0},"up":{"uv":[0.65625,0.0734375,0.6734375,0.084375],"rotation":0,"texture":"#5","tintindex":0},"down":{"uv":[1.25,0.0109375,1.2671875,0.021875],"rotation":0,"texture":"#5","tintindex":0}}},{"from":[28.62686,4.3733597,3.6281595],"to":[29.91854,11.62664,4.25744],"rotation":{"angle":0.0,"axis":"y","origin":[29.272701,8.0828,3.9428]},"faces":{"east":{"uv":[0.0109375,0.0625,0.021875,0.13125],"rotation":0,"texture":"#5","tintindex":0},"south":{"uv":[0.0859375,0.0625,0.103125,0.13125],"rotation":0,"texture":"#5","tintindex":0},"north":{"uv":[0.7421875,0.0625,0.759375,0.13125],"rotation":0,"texture":"#5","tintindex":0},"west":{"uv":[0.6671875,0.0625,0.678125,0.13125],"rotation":0,"texture":"#5","tintindex":0},"up":{"uv":[0.65625,0.0734375,0.6734375,0.084375],"rotation":0,"texture":"#5","tintindex":0},"down":{"uv":[1.25,0.0109375,1.2671875,0.021875],"rotation":0,"texture":"#5","tintindex":0}}},{"from":[21.75446,4.3733597,3.6281595],"to":[23.046139,11.62664,4.25744],"rotation":{"angle":0.0,"axis":"y","origin":[22.400301,8.0828,3.9428]},"faces":{"east":{"uv":[0.0109375,0.0625,0.021875,0.13125],"rotation":0,"texture":"#5","tintindex":0},"south":{"uv":[0.0859375,0.0625,0.103125,0.13125],"rotation":0,"texture":"#5","tintindex":0},"north":{"uv":[0.7421875,0.0625,0.759375,0.13125],"rotation":0,"texture":"#5","tintindex":0},"west":{"uv":[0.6671875,0.0625,0.678125,0.13125],"rotation":0,"texture":"#5","tintindex":0},"up":{"uv":[0.65625,0.0734375,0.6734375,0.084375],"rotation":0,"texture":"#5","tintindex":0},"down":{"uv":[1.25,0.0109375,1.2671875,0.021875],"rotation":0,"texture":"#5","tintindex":0}}},{"from":[21.75446,4.3733597,11.742559],"to":[22.71494,11.62664,12.3718405],"rotation":{"angle":0.0,"axis":"y","origin":[22.400301,8.0828,12.0571995]},"faces":{"east":{"uv":[0.0109375,0.0625,0.021875,0.13125],"rotation":0,"texture":"#5","tintindex":0},"south":{"uv":[0.0859375,0.0625,0.103125,0.13125],"rotation":0,"texture":"#5","tintindex":0},"north":{"uv":[0.7421875,0.0625,0.759375,0.13125],"rotation":0,"texture":"#5","tintindex":0},"west":{"uv":[0.6671875,0.0625,0.678125,0.13125],"rotation":0,"texture":"#5","tintindex":0},"up":{"uv":[0.65625,0.0734375,0.6734375,0.084375],"rotation":0,"texture":"#5","tintindex":0},"down":{"uv":[1.25,0.0109375,1.2671875,0.021875],"rotation":0,"texture":"#5","tintindex":0}}},{"from":[28.79246,4.3733597,11.742559],"to":[29.752941,11.62664,12.3718405],"rotation":{"angle":0.0,"axis":"y","origin":[29.272701,8.0828,12.0571995]},"faces":{"east":{"uv":[0.0109375,0.0625,0.021875,0.13125],"rotation":0,"texture":"#5","tintindex":0},"south":{"uv":[0.0859375,0.0625,0.103125,0.13125],"rotation":0,"texture":"#5","tintindex":0},"north":{"uv":[0.7421875,0.0625,0.759375,0.13125],"rotation":0,"texture":"#5","tintindex":0},"west":{"uv":[0.6671875,0.0625,0.678125,0.13125],"rotation":0,"texture":"#5","tintindex":0},"up":{"uv":[0.65625,0.0734375,0.6734375,0.084375],"rotation":0,"texture":"#5","tintindex":0},"down":{"uv":[1.25,0.0109375,1.2671875,0.021875],"rotation":0,"texture":"#5","tintindex":0}}},{"from":[-13.766741,4.3733597,11.742559],"to":[-12.806259,11.62664,12.3718405],"rotation":{"angle":0.0,"axis":"y","origin":[-13.452101,8.0828,12.0571995]},"faces":{"east":{"uv":[0.0109375,0.0625,0.021875,0.13125],"rotation":0,"texture":"#5","tintindex":0},"south":{"uv":[0.0859375,0.0625,0.103125,0.13125],"rotation":0,"texture":"#5","tintindex":0},"north":{"uv":[0.7421875,0.0625,0.759375,0.13125],"rotation":0,"texture":"#5","tintindex":0},"west":{"uv":[0.6671875,0.0625,0.678125,0.13125],"rotation":0,"texture":"#5","tintindex":0},"up":{"uv":[0.65625,0.0734375,0.6734375,0.084375],"rotation":0,"texture":"#5","tintindex":0},"down":{"uv":[1.25,0.0109375,1.2671875,0.021875],"rotation":0,"texture":"#5","tintindex":0}}},{"from":[-13.766741,4.3733597,3.6281595],"to":[-12.4750595,11.62664,4.25744],"rotation":{"angle":0.0,"axis":"y","origin":[-13.452101,8.0828,3.9428]},