{"elements":[{"from":[28.87802,7.6688,4.949979],"to":[29.192661,8.3312,7.930779],"rotation":{"angle":0.0,"axis":"y","origin":[29.03534,9.002275,36.93667]},"faces":{"east":{"uv":[0.0,30.550276,512.0,492.34033],"rotation":0,"texture":"#missing","tintindex":0},"south":{"uv":[0.0,30.550276,512.0,492.34033],"rotation":0,"texture":"#missing","tintindex":0},"north":{"uv":[0.0,30.550276,512.0,492.34033],"rotation":0,"texture":"#missing","tintindex":0},"west":{"uv":[0.0,30.550276,512.0,492.34033],"rotation":0,"texture":"#missing","tintindex":0},"up":{"uv":[0.0,30.550276,512.0,492.34033],"rotation":0,"texture":"#missing","tintindex":0},"down":{"uv":[0.0,30.550276,512.0,492.34033],"rotation":0,"texture":"#missing","tintindex":0}}},{"from":[28.53026,7.3375998,7.4068213],"to":[29.52386,8.6624,11.712421],"rotation":{"angle":0.0,"axis":"y","origin":[29.02706,8.0,9.559621]},"faces":{"east":{"uv":[4.5,5.86875,8.2,10.60625],"rotation":90,"texture":"#2","tintindex":0},"south":{"uv":[4.5,5.86875,8.8625,8.63125],"rotation":0,"texture":"#2","tintindex":0},"north":{"uv":[4.5,5.86875,8.8625,8.63125],"rotation":0,"texture":"#2","tintindex":0},"west":{"uv":[4.5,5.86875,8.325,10.60625],"rotation":90,"texture":"#2","tintindex":0},"up":{"uv":[4.5,5.86875,8.8625,8.66875],"rotation":0,"texture":"#2","tintindex":0},"down":{"uv":[4.5,5.86875,8.55,8.66875],"rotation":0,"texture":"#2","tintindex":0}}},{"from":[-13.18438,7.6688,4.949979],"to":[-12.869741,8.3312,7.930779],"rotation":{"angle":0.0,"axis":"y","origin":[-13.02706,9.002275,36.93667]},"faces":{"east":{"uv":[0.0,0.9546961,16.0,15.385635],"rotation":0,"texture":"#4","tintindex":0},"south":{"uv":[0.0,0.9546961,16.0,15.385635],"rotation":0,"texture":"#4","tintindex":0},"north":{"uv":[0.160401,0.9546961,0.8822055,6.683881],"rotation":0,"texture":"#4","tintindex":0},"west":{"uv":[0.24060151,0.9546961,1.0426065,6.6036806],"rotation":0,"texture":"#4","tintindex":0},"up":{"uv":[0.160401,0.9546961,0.8822055,6.683881],"rotation":0,"texture":"#4","tintindex":0},"down":{"uv":[0.160401,0.9546961,0.8822055,6.683881],"rotation":0,"texture":"#4","tintindex":0}}},{"from":[-13.532141,7.3375998,7.4068213],"to":[-12.538542,8.6624,11.712421],"rotation":{"angle":0.0,"axis":"y","origin":[-13.035339,8.0,9.559621]},"faces":{"east":{"uv":[4.5,5.86875,8.2,10.60625],"rotation":90,"texture":"#2","tintindex":0},"south":{"uv":[4.5,5.86875,8.8625,8.63125],"rotation":0,"texture":"#2","tintindex":0},"north":{"uv":[4.5,5.86875,8.8625,8.63125],"rotation":0,"texture":"#2","tintindex":0},"west":{"uv":[4.5,5.86875,8.2,10.60625],"rotation":90,"texture":"#2","tintindex":0},"up":{"uv":[4.5,5.86875,8.8625,8.66875],"rotation":0,"texture":"#2","tintindex":0},"down":{"uv":[4.5,5.86875,8.55,8.66875],"rotation":0,"texture":"#2","tintindex":0}}}],"textures":{"2":"modelengine:entity/bloque_tronco","4":"modelengine:entity/ladrillo_piedra_liza"},"display":{"head":{"translation":[0.0,-6.4,0.0],"scale":[4.0,4.0,4.0]}}}