{"elements":[{"from":[29.612858,7.6571426,4.842628],"to":[29.938574,8.342857,7.9283423],"rotation":{"angle":0.0,"axis":"y","origin":[29.775715,9.037552,37.955147]},"faces":{"east":{"uv":[0.0,30.550276,512.0,492.34033],"rotation":0,"texture":"#missing","tintindex":0},"south":{"uv":[0.0,30.550276,512.0,492.34033],"rotation":0,"texture":"#missing","tintindex":0},"north":{"uv":[0.0,30.550276,512.0,492.34033],"rotation":0,"texture":"#missing","tintindex":0},"west":{"uv":[0.0,30.550276,512.0,492.34033],"rotation":0,"texture":"#missing","tintindex":0},"up":{"uv":[0.0,30.550276,512.0,492.34033],"rotation":0,"texture":"#missing","tintindex":0},"down":{"uv":[0.0,30.550276,512.0,492.34033],"rotation":0,"texture":"#missing","tintindex":0}}},{"from":[29.25286,7.3142858,7.3859434],"to":[30.28143,8.685715,11.843086],"rotation":{"angle":0.0,"axis":"y","origin":[29.767143,8.0,9.614515]},"faces":{"east":{"uv":[4.5,5.86875,8.2,10.60625],"rotation":90,"texture":"#2","tintindex":0},"south":{"uv":[4.5,5.86875,8.8625,8.63125],"rotation":0,"texture":"#2","tintindex":0},"north":{"uv":[4.5,5.86875,8.8625,8.63125],"rotation":0,"texture":"#2","tintindex":0},"west":{"uv":[4.5,5.86875,8.325,10.60625],"rotation":90,"texture":"#2","tintindex":0},"up":{"uv":[4.5,5.86875,8.8625,8.66875],"rotation":0,"texture":"#2","tintindex":0},"down":{"uv":[4.5,5.86875,8.55,8.66875],"rotation":0,"texture":"#2","tintindex":0}}},{"from":[-13.93,7.6571426,4.842628],"to":[-13.604286,8.342857,7.9283423],"rotation":{"angle":0.0,"axis":"y","origin":[-13.767143,9.037552,37.955147]},"faces":{"east":{"uv":[0.0,0.9546961,16.0,15.385635],"rotation":0,"texture":"#4","tintindex":0},"south":{"uv":[0.0,0.9546961,16.0,15.385635],"rotation":0,"texture":"#4","tintindex":0},"north":{"uv":[0.160401,0.9546961,0.8822055,6.683881],"rotation":0,"texture":"#4","tintindex":0},"west":{"uv":[0.24060151,0.9546961,1.0426065,6.6036806],"rotation":0,"texture":"#4","tintindex":0},"up":{"uv":[0.160401,0.9546961,0.8822055,6.683881],"rotation":0,"texture":"#4","tintindex":0},"down":{"uv":[0.160401,0.9546961,0.8822055,6.683881],"rotation":0,"texture":"#4","tintindex":0}}},{"from":[-14.290001,7.3142858,7.3859434],"to":[-13.261429,8.685715,11.843086],"rotation":{"angle":0.0,"axis":"y","origin":[-13.775715,8.0,9.614515]},"faces":{"east":{"uv":[4.5,5.86875,8.2,10.60625],"rotation":90,"texture":"#2","tintindex":0},"south":{"uv":[4.5,5.86875,8.8625,8.63125],"rotation":0,"texture":"#2","tintindex":0},"north":{"uv":[4.5,5.86875,8.8625,8.63125],"rotation":0,"texture":"#2","tintindex":0},"west":{"uv":[4.5,5.86875,8.2,10.60625],"rotation":90,"texture":"#2","tintindex":0},"up":{"uv":[4.5,5.86875,8.8625,8.66875],"rotation":0,"texture":"#2","tintindex":0},"down":{"uv":[4.5,5.86875,8.55,8.66875],"rotation":0,"texture":"#2","tintindex":0}}}],"textures":{"2":"modelengine:entity/bloque_tronco","4":"modelengine:entity/ladrillo_piedra_liza"},"display":{"head":{"translation":[0.0,-6.4,0.0],"scale":[4.0,4.0,4.0]}}}