{"elements":[{"from":[7.207143,5.4529343,5.0891867],"to":[9.607143,11.281506,10.917759],"rotation":{"angle":0.0,"axis":"y","origin":[8.407143,8.36722,8.003472]},"faces":{"east":{"uv":[0.15625,0.0625,0.234375,0.140625],"rotation":0,"texture":"#2","tintindex":0},"south":{"uv":[0.21875,0.0625,0.25,0.140625],"rotation":0,"texture":"#2","tintindex":0},"north":{"uv":[0.125,0.0625,0.15625,0.140625],"rotation":0,"texture":"#2","tintindex":0},"west":{"uv":[0.25,0.0625,0.328125,0.140625],"rotation":0,"texture":"#2","tintindex":0},"up":{"uv":[0.15625,0.0625,0.1875,0.140625],"rotation":0,"texture":"#2","tintindex":0},"down":{"uv":[0.1875,0.0,0.21875,0.078125],"rotation":0,"texture":"#2","tintindex":0}}},{"from":[6.5214286,3.738648,3.3749013],"to":[9.264286,12.995791,12.632044],"rotation":{"angle":0.0,"axis":"y","origin":[7.892857,8.36722,8.003472]},"faces":{"east":{"uv":[15.886547,5.3483686,10.392589,10.965516],"rotation":0,"texture":"#2","tintindex":0},"south":{"uv":[6.909541,12.259617,5.536703,13.867679],"rotation":90,"texture":"#2","tintindex":0},"north":{"uv":[6.909541,12.259617,5.536703,13.867679],"rotation":90,"texture":"#2","tintindex":0},"west":{"uv":[10.348743,5.4159946,15.84871,10.937082],"rotation":0,"texture":"#2","tintindex":0},"up":{"uv":[6.909541,12.259617,5.536703,13.867679],"rotation":90,"texture":"#2","tintindex":0},"down":{"uv":[6.909541,12.259617,5.536703,13.867679],"rotation":90,"texture":"#2","tintindex":0}}},{"from":[6.5214286,1.0815058,6.2034726],"to":[9.264286,13.16722,10.917759],"rotation":{"angle":45.0,"axis":"x","origin":[7.892857,8.36722,9.717758]},"faces":{"east":{"uv":[6.909541,12.259617,5.536703,13.867679],"rotation":90,"texture":"#2","tintindex":0},"south":{"uv":[6.909541,12.259617,5.536703,13.867679],"rotation":90,"texture":"#2","tintindex":0},"north":{"uv":[6.909541,12.259617,5.536703,13.867679],"rotation":90,"texture":"#2","tintindex":0},"west":{"uv":[6.909541,12.259617,5.536703,13.867679],"rotation":90,"texture":"#2","tintindex":0},"up":{"uv":[6.909541,12.259617,5.536703,13.867679],"rotation":90,"texture":"#2","tintindex":0},"down":{"uv":[6.909541,12.259617,5.536703,13.867679],"rotation":90,"texture":"#2","tintindex":0}}},{"from":[6.5214286,2.5386486,4.2320437],"to":[9.264286,14.710077,8.94633],"rotation":{"angle":-45.0,"axis":"x","origin":[7.892857,10.081506,7.74633]},"faces":{"east":{"uv":[6.909541,12.259617,5.536703,13.867679],"rotation":90,"texture":"#2","tintindex":0},"south":{"uv":[6.909541,12.259617,5.536703,13.867679],"rotation":90,"texture":"#2","tintindex":0},"north":{"uv":[6.909541,12.259617,5.536703,13.867679],"rotation":90,"texture":"#2","tintindex":0},"west":{"uv":[6.909541,12.259617,5.536703,13.867679],"rotation":90,"texture":"#2","tintindex":0},"up":{"uv":[6.909541,12.259617,5.536703,13.867679],"rotation":90,"texture":"#2","tintindex":0},"down":{"uv":[6.909541,12.259617,5.536703,13.867679],"rotation":90,"texture":"#2","tintindex":0}}},{"from":[6.8642855,2.36722,5.0891867],"to":[9.092857,6.1386485,10.917759],"rotation":{"angle":0.0,"axis":"y","origin":[7.9785714,4.2529345,8.003472]},"faces":{"east":{"uv":[15.9248295,16.0,12.613354,12.488354],"rotation":0,"texture":"#2","tintindex":0},"south":{"uv":[6.909541,12.259617,5.536703,13.867679],"rotation":90,"texture":"#2","tintindex":0},"north":{"uv":[6.909541,12.259617,5.536703,13.867679],"rotation":90,"texture":"#2","tintindex":0},"west":{"uv":[15.9248295,16.0,12.613354,12.488354],"rotation":0,"texture":"#2","tintindex":0},"up":{"uv":[6.909541,12.259617,5.536703,13.867679],"rotation":90,"texture":"#2","tintindex":0},"down":{"uv":[6.909541,12.259617,5.536703,13.867679],"rotation":90,"texture":"#2","tintindex":0}}},{"from":[6.8642855,5.4529343,10.232044],"to":[9.092857,11.281506,14.003473],"rotation":{"angle":0.0,"axis":"y","origin":[7.9785714,8.36722,12.117759]},"faces":{"east":{"uv":[12.550854,15.9248295,16.0,12.457104],"rotation":90,"texture":"#2","tintindex":0},"south":{"uv":[6.909541,12.259617,5.536703,13.867679],"rotation":90,"texture":"#2","tintindex":0},"north":{"uv":[2.7921093,12.7615795,8.188023,10.685707],"rotation":90,"texture":"#2","tintindex":0},"west":{"uv":[12.550854,15.9248295,16.0,12.457104],"rotation":90,"texture":"#2","tintindex":0},"up":{"uv":[6.909541,12.259617,5.536703,13.867679],"rotation":90,"texture":"#2","tintindex":0},"down":{"uv":[6.909541,12.259617,5.536703,13.867679],"rotation":90,"texture":"#2","tintindex":0}}},{"from":[6.8642855,5.4529343,2.0034728],"to":[9.092857,11.281506,5.7749014],"rotation":{"angle":0.0,"axis":"y","origin":[7.9785714,8.36722,3.8891869]},"faces":{"east":{"uv":[16.0,12.457104,12.550854,15.9248295],"rotation":90,"texture":"#2","tintindex":0},"south":{"uv":[2.8819423,12.671746,8.056914,10.709986],"rotation":90,"texture":"#2","tintindex":0},"north":{"uv":[6.909541,12.259617,5.536703,13.867679],"rotation":90,"texture":"#2","tintindex":0},"west":{"uv":[16.0,12.457104,12.550854,15.9248295],"rotation":90,"texture":"#2","tintindex":0},"up":{"uv":[7.847041,10.759617,2.9742033,12.867679],"rotation":90,"texture":"#2","tintindex":0},"down":{"uv":[2.7921093,12.7615795,8.188023,10.685707],"rotation":90,"texture":"#2","tintindex":0}}},{"from":[6.8642855,5.110077,5.0891867],"to":[9.092857,14.36722,10.917759],"rotation":{"angle":0.0,"axis":"y","origin":[7.9785714,9.738648,8.003472]},"faces":{"east":{"uv":[15.9248295,12.488354,12.613354,16.0],"rotation":0,"texture":"#2","tintindex":0},"south":{"uv":[6.909541,12.259617,5.536703,13.867679],"rotation":90,"texture":"#2","tintindex":0},"north":{"uv":[6.909541,12.259617,5.536703,13.867679],"rotation":90,"texture":"#2","tintindex":0},"west":{"uv":[15.9248295,12.488354,12.613354,16.0],"rotation":0,"texture":"#2","tintindex":0},"up":{"uv":[6.909541,12.259617,5.536703,13.867679],"rotation":90,"texture":"#2","tintindex":0},"down":{"uv":[6.909541,12.259617,5.536703,13.867679],"rotation":90,"texture":"#2","tintindex":0}}}],"textures":{"2":"modelengine:entity/bloque_tronco"},"display":{"head":{"translation":[0.0,-6.4,0.0],"scale":[4.0,4.0,4.0]}}}