{"elements":[{"from":[6.905857,4.464139,3.9621677],"to":[10.217857,12.507568,12.005596],"rotation":{"angle":0.0,"axis":"y","origin":[8.561857,8.485853,7.983882]},"faces":{"east":{"uv":[0.15625,0.0625,0.234375,0.140625],"rotation":0,"texture":"#2","tintindex":0},"south":{"uv":[0.21875,0.0625,0.25,0.140625],"rotation":0,"texture":"#2","tintindex":0},"north":{"uv":[0.125,0.0625,0.15625,0.140625],"rotation":0,"texture":"#2","tintindex":0},"west":{"uv":[0.25,0.0625,0.328125,0.140625],"rotation":0,"texture":"#2","tintindex":0},"up":{"uv":[0.15625,0.0625,0.1875,0.140625],"rotation":0,"texture":"#2","tintindex":0},"down":{"uv":[0.1875,0.0,0.21875,0.078125],"rotation":0,"texture":"#2","tintindex":0}}},{"from":[5.959571,2.098425,1.5964532],"to":[9.744715,14.8732815,14.371311],"rotation":{"angle":0.0,"axis":"y","origin":[7.852143,8.485853,7.983882]},"faces":{"east":{"uv":[15.886547,5.3483686,10.392589,10.965516],"rotation":0,"texture":"#2","tintindex":0},"south":{"uv":[6.909541,12.259617,5.536703,13.867679],"rotation":90,"texture":"#2","tintindex":0},"north":{"uv":[6.909541,12.259617,5.536703,13.867679],"rotation":90,"texture":"#2","tintindex":0},"west":{"uv":[10.348743,5.4159946,15.84871,10.937082],"rotation":0,"texture":"#2","tintindex":0},"up":{"uv":[6.909541,12.259617,5.536703,13.867679],"rotation":90,"texture":"#2","tintindex":0},"down":{"uv":[6.909541,12.259617,5.536703,13.867679],"rotation":90,"texture":"#2","tintindex":0}}},{"from":[5.959571,-1.5684328,5.4998817],"to":[9.744715,15.109854,12.005596],"rotation":{"angle":45.0,"axis":"x","origin":[7.852143,8.485853,10.349596]},"faces":{"east":{"uv":[6.909541,12.259617,5.536703,13.867679],"rotation":90,"texture":"#2","tintindex":0},"south":{"uv":[6.909541,12.259617,5.536703,13.867679],"rotation":90,"texture":"#2","tintindex":0},"north":{"uv":[6.909541,12.259617,5.536703,13.867679],"rotation":90,"texture":"#2","tintindex":0},"west":{"uv":[6.909541,12.259617,5.536703,13.867679],"rotation":90,"texture":"#2","tintindex":0},"up":{"uv":[6.909541,12.259617,5.536703,13.867679],"rotation":90,"texture":"#2","tintindex":0},"down":{"uv":[6.909541,12.259617,5.536703,13.867679],"rotation":90,"texture":"#2","tintindex":0}}},{"from":[5.959571,0.4424243,3.2524538],"to":[9.744715,17.238997,9.285025],"rotation":{"angle":-45.0,"axis":"x","origin":[7.852143,10.851568,7.629025]},"faces":{"east":{"uv":[6.909541,12.259617,5.536703,13.867679],"rotation":90,"texture":"#2","tintindex":0},"south":{"uv":[6.909541,12.259617,5.536703,13.867679],"rotation":90,"texture":"#2","tintindex":0},"north":{"uv":[2.9123547,10.699473,7.6710753,12.8007765],"rotation":270,"texture":"#2","tintindex":0},"west":{"uv":[6.909541,12.259617,5.536703,13.867679],"rotation":90,"texture":"#2","tintindex":0},"up":{"uv":[6.909541,12.259617,5.536703,13.867679],"rotation":90,"texture":"#2","tintindex":0},"down":{"uv":[6.909541,12.259617,5.536703,13.867679],"rotation":90,"texture":"#2","tintindex":0}}},{"from":[6.432714,0.20585346,3.9621677],"to":[9.508143,5.4104247,12.005596],"rotation":{"angle":0.0,"axis":"y","origin":[7.9704285,2.8081388,7.983882]},"faces":{"east":{"uv":[15.9248295,16.0,12.613354,12.488354],"rotation":0,"texture":"#2","tintindex":0},"south":{"uv":[6.909541,12.259617,5.536703,13.867679],"rotation":90,"texture":"#2","tintindex":0},"north":{"uv":[6.909541,12.259617,5.536703,13.867679],"rotation":90,"texture":"#2","tintindex":0},"west":{"uv":[15.9248295,16.0,12.613354,12.488354],"rotation":0,"texture":"#2","tintindex":0},"up":{"uv":[6.909541,12.259617,5.536703,13.867679],"rotation":90,"texture":"#2","tintindex":0},"down":{"uv":[6.909541,12.259617,5.536703,13.867679],"rotation":90,"texture":"#2","tintindex":0}}},{"from":[6.432714,4.464139,11.059311],"to":[9.508143,12.507568,16.263882],"rotation":{"angle":0.0,"axis":"y","origin":[7.9704285,8.485853,13.661596]},"faces":{"east":{"uv":[12.550854,15.9248295,16.0,12.457104],"rotation":90,"texture":"#2","tintindex":0},"south":{"uv":[6.909541,12.259617,5.536703,13.867679],"rotation":90,"texture":"#2","tintindex":0},"north":{"uv":[2.7921093,12.7615795,8.188023,10.685707],"rotation":90,"texture":"#2","tintindex":0},"west":{"uv":[12.550854,15.9248295,16.0,12.457104],"rotation":90,"texture":"#2","tintindex":0},"up":{"uv":[6.909541,12.259617,5.536703,13.867679],"rotation":90,"texture":"#2","tintindex":0},"down":{"uv":[6.909541,12.259617,5.536703,13.867679],"rotation":90,"texture":"#2","tintindex":0}}},{"from":[6.432714,4.464139,-0.29611778],"to":[9.508143,12.507568,4.9084535],"rotation":{"angle":0.0,"axis":"y","origin":[7.9704285,8.485853,2.3061671]},"faces":{"east":{"uv":[16.0,12.457104,12.550854,15.9248295],"rotation":90,"texture":"#2","tintindex":0},"south":{"uv":[2.8819423,12.671746,8.056914,10.709986],"rotation":90,"texture":"#2","tintindex":0},"north":{"uv":[6.909541,12.259617,5.536703,13.867679],"rotation":90,"texture":"#2","tintindex":0},"west":{"uv":[16.0,12.457104,12.550854,15.9248295],"rotation":90,"texture":"#2","tintindex":0},"up":{"uv":[7.847041,10.759617,2.9742033,12.867679],"rotation":90,"texture":"#2","tintindex":0},"down":{"uv":[2.7921093,12.7615795,8.188023,10.685707],"rotation":90,"texture":"#2","tintindex":0}}},{"from":[6.432714,3.990996,3.9621677],"to":[9.508143,16.765854,12.005596],"rotation":{"angle":0.0,"axis":"y","origin":[7.9704285,10.378425,7.983882]},"faces":{"east":{"uv":[15.9248295,12.488354,12.613354,16.0],"rotation":0,"texture":"#2","tintindex":0},"south":{"uv":[6.909541,12.259617,5.536703,13.867679],"rotation":90,"texture":"#2","tintindex":0},"north":{"uv":[6.909541,12.259617,5.536703,13.867679],"rotation":90,"texture":"#2","tintindex":0},"west":{"uv":[15.9248295,12.488354,12.613354,16.0],"rotation":0,"texture":"#2","tintindex":0},"up":{"uv":[6.909541,12.259617,5.536703,13.867679],"rotation":90,"texture":"#2","tintindex":0},"down":{"uv":[6.909541,12.259617,5.536703,13.867679],"rotation":90,"texture":"#2","tintindex":0}}}],"textures":{"2":"modelengine:entity/bloque_tronco"},"display":{"head":{"translation":[0.0,-6.4,0.0],"scale":[4.0,4.0,4.0]}}}