{"elements":[{"from":[6.905857,4.4850492,3.9830775],"to":[10.217857,12.528479,12.026506],"rotation":{"angle":0.0,"axis":"y","origin":[8.561857,8.506763,8.004792]},"faces":{"east":{"uv":[0.15625,0.0625,0.234375,0.140625],"rotation":0,"texture":"#2","tintindex":0},"south":{"uv":[0.21875,0.0625,0.25,0.140625],"rotation":0,"texture":"#2","tintindex":0},"north":{"uv":[0.125,0.0625,0.15625,0.140625],"rotation":0,"texture":"#2","tintindex":0},"west":{"uv":[0.25,0.0625,0.328125,0.140625],"rotation":0,"texture":"#2","tintindex":0},"up":{"uv":[0.15625,0.0625,0.1875,0.140625],"rotation":0,"texture":"#2","tintindex":0},"down":{"uv":[0.1875,0.0,0.21875,0.078125],"rotation":0,"texture":"#2","tintindex":0}}},{"from":[5.959571,2.1193347,1.6173639],"to":[9.744715,14.894192,14.392221],"rotation":{"angle":0.0,"axis":"y","origin":[7.852143,8.506763,8.004792]},"faces":{"east":{"uv":[15.886547,5.3483686,10.392589,10.965516],"rotation":0,"texture":"#2","tintindex":0},"south":{"uv":[6.909541,12.259617,5.536703,13.867679],"rotation":90,"texture":"#2","tintindex":0},"north":{"uv":[6.909541,12.259617,5.536703,13.867679],"rotation":90,"texture":"#2","tintindex":0},"west":{"uv":[10.348743,5.4159946,15.84871,10.937082],"rotation":0,"texture":"#2","tintindex":0},"up":{"uv":[6.909541,12.259617,5.536703,13.867679],"rotation":90,"texture":"#2","tintindex":0},"down":{"uv":[6.909541,12.259617,5.536703,13.867679],"rotation":90,"texture":"#2","tintindex":0}}},{"from":[5.959571,-1.5475225,5.520792],"to":[9.744715,15.130764,12.026506],"rotation":{"angle":45.0,"axis":"x","origin":[7.852143,8.506763,10.370506]},"faces":{"east":{"uv":[6.909541,12.259617,5.536703,13.867679],"rotation":90,"texture":"#2","tintindex":0},"south":{"uv":[6.909541,12.259617,5.536703,13.867679],"rotation":90,"texture":"#2","tintindex":0},"north":{"uv":[6.909541,12.259617,5.536703,13.867679],"rotation":90,"texture":"#2","tintindex":0},"west":{"uv":[6.909541,12.259617,5.536703,13.867679],"rotation":90,"texture":"#2","tintindex":0},"up":{"uv":[6.909541,12.259617,5.536703,13.867679],"rotation":90,"texture":"#2","tintindex":0},"down":{"uv":[6.909541,12.259617,5.536703,13.867679],"rotation":90,"texture":"#2","tintindex":0}}},{"from":[5.959571,0.46333504,2.800221],"to":[9.744715,17.259907,9.305935],"rotation":{"angle":-45.0,"axis":"x","origin":[7.852143,10.8724785,7.6499352]},"faces":{"east":{"uv":[6.909541,12.259617,5.536703,13.867679],"rotation":90,"texture":"#2","tintindex":0},"south":{"uv":[6.909541,12.259617,5.536703,13.867679],"rotation":90,"texture":"#2","tintindex":0},"north":{"uv":[6.909541,12.259617,5.536703,13.867679],"rotation":90,"texture":"#2","tintindex":0},"west":{"uv":[6.909541,12.259617,5.536703,13.867679],"rotation":90,"texture":"#2","tintindex":0},"up":{"uv":[6.909541,12.259617,5.536703,13.867679],"rotation":90,"texture":"#2","tintindex":0},"down":{"uv":[6.909541,12.259617,5.536703,13.867679],"rotation":90,"texture":"#2","tintindex":0}}},{"from":[6.432714,0.22676325,3.9830775],"to":[9.508143,5.4313345,12.026506],"rotation":{"angle":0.0,"axis":"y","origin":[7.9704285,2.829049,8.004792]},"faces":{"east":{"uv":[15.9248295,16.0,12.613354,12.488354],"rotation":0,"texture":"#2","tintindex":0},"south":{"uv":[6.909541,12.259617,5.536703,13.867679],"rotation":90,"texture":"#2","tintindex":0},"north":{"uv":[6.909541,12.259617,5.536703,13.867679],"rotation":90,"texture":"#2","tintindex":0},"west":{"uv":[15.9248295,16.0,12.613354,12.488354],"rotation":0,"texture":"#2","tintindex":0},"up":{"uv":[6.909541,12.259617,5.536703,13.867679],"rotation":90,"texture":"#2","tintindex":0},"down":{"uv":[6.909541,12.259617,5.536703,13.867679],"rotation":90,"texture":"#2","tintindex":0}}},{"from":[6.432714,4.4850492,11.080221],"to":[9.508143,12.528479,16.284794],"rotation":{"angle":0.0,"axis":"y","origin":[7.9704285,8.506763,13.682507]},"faces":{"east":{"uv":[12.550854,15.9248295,16.0,12.457104],"rotation":90,"texture":"#2","tintindex":0},"south":{"uv":[6.909541,12.259617,5.536703,13.867679],"rotation":90,"texture":"#2","tintindex":0},"north":{"uv":[2.7921093,12.7615795,8.188023,10.685707],"rotation":90,"texture":"#2","tintindex":0},"west":{"uv":[12.550854,15.9248295,16.0,12.457104],"rotation":90,"texture":"#2","tintindex":0},"up":{"uv":[6.909541,12.259617,5.536703,13.867679],"rotation":90,"texture":"#2","tintindex":0},"down":{"uv":[6.909541,12.259617,5.536703,13.867679],"rotation":90,"texture":"#2","tintindex":0}}},{"from":[6.432714,4.4850492,-0.27520752],"to":[9.508143,12.528479,4.9293637],"rotation":{"angle":0.0,"axis":"y","origin":[7.9704285,8.506763,2.3270779]},"faces":{"east":{"uv":[16.0,12.457104,12.550854,15.9248295],"rotation":90,"texture":"#2","tintindex":0},"south":{"uv":[2.8819423,12.671746,8.056914,10.709986],"rotation":90,"texture":"#2","tintindex":0},"north":{"uv":[6.909541,12.259617,5.536703,13.867679],"rotation":90,"texture":"#2","tintindex":0},"west":{"uv":[16.0,12.457104,12.550854,15.9248295],"rotation":90,"texture":"#2","tintindex":0},"up":{"uv":[7.847041,10.759617,2.9742033,12.867679],"rotation":90,"texture":"#2","tintindex":0},"down":{"uv":[2.7921093,12.7615795,8.188023,10.685707],"rotation":90,"texture":"#2","tintindex":0}}},{"from":[6.432714,4.0119066,3.9830775],"to":[9.508143,16.786764,12.026506],"rotation":{"angle":0.0,"axis":"y","origin":[7.9704285,10.399335,8.004792]},"faces":{"east":{"uv":[15.9248295,12.488354,12.613354,16.0],"rotation":0,"texture":"#2","tintindex":0},"south":{"uv":[6.909541,12.259617,5.536703,13.867679],"rotation":90,"texture":"#2","tintindex":0},"north":{"uv":[6.909541,12.259617,5.536703,13.867679],"rotation":90,"texture":"#2","tintindex":0},"west":{"uv":[15.9248295,12.488354,12.613354,16.0],"rotation":0,"texture":"#2","tintindex":0},"up":{"uv":[6.909541,12.259617,5.536703,13.867679],"rotation":90,"texture":"#2","tintindex":0},"down":{"uv":[6.909541,12.259617,5.536703,13.867679],"rotation":90,"texture":"#2","tintindex":0}}}],"textures":{"2":"modelengine:entity/bloque_tronco"},"display":{"head":{"translation":[0.0,-6.4,0.0],"scale":[4.0,4.0,4.0]}}}