{"elements":[{"from":[7.793,-14.0368,7.50734],"to":[9.449,32.0,8.83214],"rotation":{"angle":0.0,"axis":"y","origin":[-33.2758,-40.2016,28.70414]},"faces":{"east":{"uv":[0.875,2.2368422,0.0,12.461153],"rotation":0,"texture":"#9","tintindex":0},"south":{"uv":[0.0,2.2368422,0.875,12.461153],"rotation":0,"texture":"#9","tintindex":0},"north":{"uv":[0.0,2.2368422,0.875,12.461153],"rotation":0,"texture":"#9","tintindex":0},"west":{"uv":[0.875,2.2368422,0.0,12.461153],"rotation":0,"texture":"#9","tintindex":0},"up":{"uv":[0.0,12.461153,0.875,2.2368422],"rotation":0,"texture":"#9","tintindex":0},"down":{"uv":[0.0,12.461153,0.875,2.2368422],"rotation":0,"texture":"#9","tintindex":0}}},{"from":[2.4937997,4.1791997,7.49078],"to":[14.417,32.0,7.49078],"rotation":{"angle":0.0,"axis":"y","origin":[-33.2758,-40.2016,28.70414]},"faces":{"east":{"uv":[0.32786885,0.0,15.737705,15.7827425],"rotation":0,"texture":"#10","tintindex":0},"south":{"uv":[0.32786885,0.0,15.737705,15.7827425],"rotation":0,"texture":"#10","tintindex":0},"north":{"uv":[0.32786885,0.0,15.737705,15.7827425],"rotation":0,"texture":"#10","tintindex":0},"west":{"uv":[0.32786885,0.0,15.737705,15.503469],"rotation":0,"texture":"#10","tintindex":0},"up":{"uv":[0.32786885,0.0,15.737705,15.503469],"rotation":0,"texture":"#10","tintindex":0},"down":{"uv":[0.6557377,0.0,15.672132,15.503469],"rotation":0,"texture":"#10","tintindex":0}}},{"from":[6.140312,-13.37109,7.841852],"to":[8.783288,-11.721712,8.497628],"rotation":{"angle":0.0,"axis":"y","origin":[-33.2758,-40.2016,28.70414]},"faces":{"east":{"uv":[1.3525,0.0,0.0,0.95875],"rotation":0,"texture":"#11","tintindex":0},"south":{"uv":[1.3525,0.0,0.0,0.95875],"rotation":0,"texture":"#11","tintindex":0},"north":{"uv":[1.3525,0.0,0.0,0.95875],"rotation":0,"texture":"#11","tintindex":0},"west":{"uv":[1.3525,0.0,0.0,0.95875],"rotation":0,"texture":"#11","tintindex":0},"up":{"uv":[1.3525,0.0,0.0,0.95875],"rotation":0,"texture":"#11","tintindex":0},"down":{"uv":[1.3525,0.0,0.0,0.95875],"rotation":0,"texture":"#11","tintindex":0}}},{"from":[6.140312,-11.052689,7.841852],"to":[8.783288,-9.403313,8.497628],"rotation":{"angle":0.0,"axis":"y","origin":[-33.2758,-40.2016,28.70414]},"faces":{"east":{"uv":[1.3525,0.0,0.0,0.95875],"rotation":0,"texture":"#11","tintindex":0},"south":{"uv":[1.3525,0.0,0.0,0.95875],"rotation":0,"texture":"#11","tintindex":0},"north":{"uv":[1.3525,0.0,0.0,0.95875],"rotation":0,"texture":"#11","tintindex":0},"west":{"uv":[1.3525,0.0,0.0,0.95875],"rotation":0,"texture":"#11","tintindex":0},"up":{"uv":[1.3525,0.0,0.0,0.95875],"rotation":0,"texture":"#11","tintindex":0},"down":{"uv":[1.3525,0.0,0.0,0.95875],"rotation":0,"texture":"#11","tintindex":0}}}],"textures":{"9":"modelengine:entity/vaya_pila","10":"modelengine:entity/estandarte","11":"modelengine:entity/tablones_pila"},"display":{"head":{"translation":[0.0,21.303202,0.0],"scale":[4.0,4.0,4.0]}}}