{"elements":[{"from":[7.6274,-14.0368,7.59014],"to":[9.2834,32.0,8.91494],"rotation":{"angle":0.0,"axis":"y","origin":[-35.4286,-40.2016,28.78694]},"faces":{"east":{"uv":[0.875,2.2368422,0.0,12.461153],"rotation":0,"texture":"#9","tintindex":0},"south":{"uv":[0.0,2.2368422,0.875,12.461153],"rotation":0,"texture":"#9","tintindex":0},"north":{"uv":[0.0,2.2368422,0.875,12.461153],"rotation":0,"texture":"#9","tintindex":0},"west":{"uv":[0.875,2.2368422,0.0,12.461153],"rotation":0,"texture":"#9","tintindex":0},"up":{"uv":[0.0,12.461153,0.875,2.2368422],"rotation":0,"texture":"#9","tintindex":0},"down":{"uv":[0.0,12.461153,0.875,2.2368422],"rotation":0,"texture":"#9","tintindex":0}}},{"from":[2.3281999,4.1791997,7.57358],"to":[14.2514,32.0,7.57358],"rotation":{"angle":0.0,"axis":"y","origin":[-35.4286,-40.2016,28.78694]},"faces":{"east":{"uv":[0.32786885,0.0,15.737705,15.7827425],"rotation":0,"texture":"#10","tintindex":0},"south":{"uv":[0.32786885,0.0,15.737705,15.7827425],"rotation":0,"texture":"#10","tintindex":0},"north":{"uv":[0.32786885,0.0,15.737705,15.7827425],"rotation":0,"texture":"#10","tintindex":0},"west":{"uv":[0.32786885,0.0,15.737705,15.503469],"rotation":0,"texture":"#10","tintindex":0},"up":{"uv":[0.32786885,0.0,15.737705,15.503469],"rotation":0,"texture":"#10","tintindex":0},"down":{"uv":[0.6557377,0.0,15.672132,15.503469],"rotation":0,"texture":"#10","tintindex":0}}},{"from":[6.6371117,-11.052689,7.593452],"to":[8.617688,-9.403313,8.580428],"rotation":{"angle":0.0,"axis":"y","origin":[-35.4286,-40.2016,28.78694]},"faces":{"east":{"uv":[0.0,0.0,1.3525,0.95875],"rotation":0,"texture":"#11","tintindex":0},"south":{"uv":[0.0,0.0,1.3525,0.95875],"rotation":0,"texture":"#11","tintindex":0},"north":{"uv":[0.0,0.0,1.3525,0.95875],"rotation":0,"texture":"#11","tintindex":0},"west":{"uv":[0.0,0.0,1.3525,0.95875],"rotation":0,"texture":"#11","tintindex":0},"up":{"uv":[0.0,0.0,1.3525,0.95875],"rotation":0,"texture":"#11","tintindex":0},"down":{"uv":[0.0,0.0,1.3525,0.95875],"rotation":0,"texture":"#11","tintindex":0}}},{"from":[6.6371117,-13.37109,7.593452],"to":[8.617688,-11.721712,8.580428],"rotation":{"angle":0.0,"axis":"y","origin":[-35.4286,-40.2016,28.78694]},"faces":{"east":{"uv":[0.0,0.0,1.3525,0.95875],"rotation":0,"texture":"#11","tintindex":0},"south":{"uv":[0.0,0.0,1.3525,0.95875],"rotation":0,"texture":"#11","tintindex":0},"north":{"uv":[0.0,0.0,1.3525,0.95875],"rotation":0,"texture":"#11","tintindex":0},"west":{"uv":[0.0,0.0,1.3525,0.95875],"rotation":0,"texture":"#11","tintindex":0},"up":{"uv":[0.0,0.0,1.3525,0.95875],"rotation":0,"texture":"#11","tintindex":0},"down":{"uv":[0.0,0.0,1.3525,0.95875],"rotation":0,"texture":"#11","tintindex":0}}}],"textures":{"9":"modelengine:entity/vaya_pila","10":"modelengine:entity/estandarte","11":"modelengine:entity/tablones_pila"},"display":{"head":{"translation":[0.0,21.303202,0.0],"scale":[4.0,4.0,4.0]}}}