{"elements":[{"from":[24.91232,-13.494881,-16.0],"to":[32.0,-6.7384005,47.722878],"rotation":{"angle":0.0,"axis":"y","origin":[28.45616,-10.11664,15.861436]},"faces":{"east":{"uv":[2.975292,6.890651,9.190449,8.331333],"rotation":0,"texture":"#3","tintindex":0},"south":{"uv":[5.5047965,9.482894,6.7506466,11.02255],"rotation":270,"texture":"#3","tintindex":0},"north":{"uv":[5.5064955,9.484212,6.7496,11.023249],"rotation":270,"texture":"#3","tintindex":0},"west":{"uv":[2.9698179,6.8855805,9.164431,8.35183],"rotation":180,"texture":"#3","tintindex":0},"up":{"uv":[2.9766114,6.891872,9.173105,8.3562565],"rotation":270,"texture":"#3","tintindex":0},"down":{"uv":[2.9694083,6.894715,9.168628,8.359242],"rotation":270,"texture":"#3","tintindex":0}}},{"from":[-10.857281,-12.435041,-16.0],"to":[-3.7696009,-5.6785603,48.385277],"rotation":{"angle":0.0,"axis":"y","origin":[-10.947952,8.0,18.619076]},"faces":{"east":{"uv":[2.975292,6.890651,9.190449,8.331333],"rotation":0,"texture":"#3","tintindex":0},"south":{"uv":[5.5047965,9.482894,6.7506466,11.02255],"rotation":270,"texture":"#3","tintindex":0},"north":{"uv":[5.5064955,9.484212,6.7496,11.023249],"rotation":270,"texture":"#3","tintindex":0},"west":{"uv":[2.9698179,6.8855805,9.164431,8.35183],"rotation":180,"texture":"#3","tintindex":0},"up":{"uv":[2.9766114,6.891872,9.173105,8.3562565],"rotation":270,"texture":"#3","tintindex":0},"down":{"uv":[2.9694083,6.894715,9.168628,8.359242],"rotation":270,"texture":"#3","tintindex":0}}}],"textures":{"3":"modelengine:entity/madera"},"display":{"head":{"translation":[9.021889,-6.4,-91.49107],"scale":[4.0,4.0,4.0]}}}