{"elements":[{"from":[9.2,24.38632,31.622858],"to":[9.542857,25.75775,32.0],"rotation":{"angle":0.0,"axis":"y","origin":[9.3714285,25.072035,31.81143]},"faces":{"east":{"uv":[1.5625,0.5286649,2.7233388,0.3],"rotation":270,"texture":"#11","tintindex":0},"south":{"uv":[2.171709,1.183339,0.9375,1.4337233],"rotation":270,"texture":"#11","tintindex":0},"north":{"uv":[0.375,0.2947988,1.535839,0.5161458],"rotation":270,"texture":"#11","tintindex":0},"west":{"uv":[0.775,1.6828258,1.936638,1.470839],"rotation":270,"texture":"#11","tintindex":0},"up":{"uv":[1.5327997,0.2875,0.375,0.514101],"rotation":270,"texture":"#11","tintindex":0},"down":{"uv":[1.9608389,0.6375,0.8,0.862111],"rotation":270,"texture":"#11","tintindex":0}}}],"textures":{"11":"modelengine:entity/tablones_pila"},"display":{"head":{"translation":[0.0,-6.4,13.6912155],"scale":[4.0,4.0,4.0]}}}