{"elements":[{"from":[10.034514,31.763428,31.526855],"to":[10.271086,32.0,32.0],"rotation":{"angle":0.0,"axis":"y","origin":[8.0,7.8053837,-7.355507]},"faces":{"east":{"uv":[8.10025,8.10025,16.0,8.749875],"rotation":0,"texture":"#4","tintindex":0},"south":{"uv":[8.10025,8.10025,16.0,8.749875],"rotation":0,"texture":"#4","tintindex":0},"north":{"uv":[8.10025,8.10025,16.0,8.749875],"rotation":0,"texture":"#4","tintindex":0},"west":{"uv":[8.10025,8.10025,16.0,8.749875],"rotation":0,"texture":"#4","tintindex":0},"up":{"uv":[8.10025,8.10025,16.0,8.749875],"rotation":0,"texture":"#4","tintindex":0},"down":{"uv":[8.10025,8.10025,16.0,8.749875],"rotation":0,"texture":"#4","tintindex":0}}}],"textures":{"4":"modelengine:entity/ladrillo_piedra_liza"},"display":{"head":{"translation":[0.0,-5.621535,61.422028],"scale":[4.0,4.0,4.0]}}}