{"elements":[{"from":[5.702857,-2.0114288,6.902857],"to":[10.297143,18.011429,12.525715],"rotation":{"angle":0.0,"axis":"y","origin":[8.0,8.0,9.714286]},"faces":{"east":{"uv":[0.0,-8.881784E-16,14.676692,7.93985],"rotation":90,"texture":"#4","tintindex":0},"south":{"uv":[14.957394,7.819549,0.0,0.24060151],"rotation":90,"texture":"#4","tintindex":0},"north":{"uv":[0.0,0.0,16.0,7.93985],"rotation":0,"texture":"#4","tintindex":0},"west":{"uv":[14.877193,0.04010025,1.122807,7.5789475],"rotation":90,"texture":"#4","tintindex":0},"up":{"uv":[0.0,0.0,7.538847,8.10025],"rotation":270,"texture":"#4","tintindex":0},"down":{"uv":[0.0,7.97995,14.837092,0.20050125],"rotation":90,"texture":"#4","tintindex":0}}}],"textures":{"4":"modelengine:entity/ladrillo_piedra_liza"},"display":{"head":{"translation":[0.0,-6.4,0.0],"scale":[4.0,4.0,4.0]}}}