{"elements":[{"from":[5.8708572,-16.0,12.53911],"to":[7.2902856,-13.634289,13.53271],"rotation":{"angle":0.0,"axis":"y","origin":[6.580571,-14.8171425,13.03591]},"faces":{"east":{"uv":[0.0,0.5947988,1.383847,3.1293876],"rotation":180,"texture":"#11","tintindex":0},"south":{"uv":[2.546709,0.52083904,1.3125,0.77122337],"rotation":270,"texture":"#11","tintindex":0},"north":{"uv":[0.0,0.5947988,1.383847,3.1643877],"rotation":180,"texture":"#11","tintindex":0},"west":{"uv":[0.0,0.5947988,1.383847,3.1293876],"rotation":180,"texture":"#11","tintindex":0},"up":{"uv":[1.5327997,0.2875,0.375,0.514101],"rotation":270,"texture":"#11","tintindex":0},"down":{"uv":[2.1608388,0.2625,1.0,0.48711097],"rotation":270,"texture":"#11","tintindex":0}}}],"textures":{"11":"modelengine:entity/tablones_pila"},"display":{"head":{"translation":[0.0,-101.233345,0.0],"scale":[4.0,4.0,4.0]}}}