{"elements":[{"from":[9.474286,25.3609,31.657143],"to":[9.645715,25.53233,32.0],"rotation":{"angle":0.0,"axis":"y","origin":[8.0,8.0,3.4815197]},"faces":{"east":{"uv":[8.10025,8.10025,16.0,8.749875],"rotation":0,"texture":"#4","tintindex":0},"south":{"uv":[8.10025,8.10025,16.0,8.749875],"rotation":0,"texture":"#4","tintindex":0},"north":{"uv":[8.10025,8.10025,16.0,8.749875],"rotation":0,"texture":"#4","tintindex":0},"west":{"uv":[8.10025,8.10025,16.0,8.749875],"rotation":0,"texture":"#4","tintindex":0},"up":{"uv":[8.10025,8.10025,16.0,8.749875],"rotation":0,"texture":"#4","tintindex":0},"down":{"uv":[8.10025,8.10025,16.0,8.749875],"rotation":0,"texture":"#4","tintindex":0}}}],"textures":{"4":"modelengine:entity/ladrillo_piedra_liza"},"display":{"head":{"translation":[0.0,-6.4,18.073921],"scale":[4.0,4.0,4.0]}}}