{"elements":[{"from":[7.0564666,2.877038,7.2902856],"to":[7.5296097,10.447324,8.709714],"rotation":{"angle":0.0,"axis":"y","origin":[7.2930384,6.662181,8.0]},"faces":{"east":{"uv":[1.7050245,5.625,11.931054,7.417925],"rotation":90,"texture":"#0","tintindex":0},"south":{"uv":[1.7050245,6.3375,11.931054,7.417925],"rotation":90,"texture":"#0","tintindex":0},"north":{"uv":[1.7050245,6.3375,11.931054,7.417925],"rotation":90,"texture":"#0","tintindex":0},"west":{"uv":[1.7050245,5.625,11.931054,7.417925],"rotation":90,"texture":"#0","tintindex":0},"up":{"uv":[2.069062,5.6817865,11.810469,7.3177595],"rotation":90,"texture":"#0","tintindex":0},"down":{"uv":[2.069062,5.6817865,11.810469,7.3177595],"rotation":90,"texture":"#0","tintindex":0}}},{"from":[8.475895,2.877038,7.2902856],"to":[8.9490385,10.447324,8.709714],"rotation":{"angle":0.0,"axis":"y","origin":[8.712467,6.662181,8.0]},"faces":{"east":{"uv":[1.7050245,5.625,11.931054,7.417925],"rotation":90,"texture":"#0","tintindex":0},"south":{"uv":[1.7050245,6.3375,11.931054,7.417925],"rotation":90,"texture":"#0","tintindex":0},"north":{"uv":[1.7050245,6.3375,11.931054,7.417925],"rotation":90,"texture":"#0","tintindex":0},"west":{"uv":[1.7050245,5.625,11.931054,7.417925],"rotation":90,"texture":"#0","tintindex":0},"up":{"uv":[2.069062,5.6817865,11.810469,7.3177595],"rotation":90,"texture":"#0","tintindex":0},"down":{"uv":[2.069062,5.6817865,11.810469,7.3177595],"rotation":90,"texture":"#0","tintindex":0}}},{"from":[7.048209,10.439067,7.2902856],"to":[8.940781,10.9122095,8.709714],"rotation":{"angle":0.0,"axis":"y","origin":[7.994495,10.675638,8.0]},"faces":{"east":{"uv":[1.7050245,5.625,3.6185539,7.386675],"rotation":90,"texture":"#0","tintindex":0},"south":{"uv":[5.1628118,6.40625,11.986285,7.4289074],"rotation":0,"texture":"#0","tintindex":0},"north":{"uv":[5.1628118,6.40625,11.986285,7.4289074],"rotation":0,"texture":"#0","tintindex":0},"west":{"uv":[1.7050245,5.625,3.6185539,7.386675],"rotation":90,"texture":"#0","tintindex":0},"up":{"uv":[5.1628118,5.5625,11.986285,7.4289074],"rotation":0,"texture":"#0","tintindex":0},"down":{"uv":[2.069062,5.5625,11.986285,7.4289074],"rotation":0,"texture":"#0","tintindex":0}}}],"textures":{"0":"modelengine:entity/tablones_fila"},"display":{"head":{"translation":[0.0,-6.4,0.0],"scale":[4.0,4.0,4.0]}}}