{"elements":[{"from":[7.4677143,5.397714,5.161143],"to":[8.532286,10.602285,10.365714],"rotation":{"angle":0.0,"axis":"y","origin":[7.940857,8.0,7.7634287]},"faces":{"east":{"uv":[1.1669173,0.8461153,9.842896,6.6981516],"rotation":0,"texture":"#4","tintindex":0},"south":{"uv":[0.0,8.260652,6.879433,8.899655],"rotation":0,"texture":"#4","tintindex":0},"north":{"uv":[0.0,8.140351,7.0237937,8.979856],"rotation":0,"texture":"#4","tintindex":0},"west":{"uv":[1.2631578,0.9263158,9.842896,6.6981516],"rotation":0,"texture":"#4","tintindex":0},"up":{"uv":[0.0,8.2205515,6.755122,8.75217],"rotation":0,"texture":"#4","tintindex":0},"down":{"uv":[0.0,8.2205515,6.8313127,8.82836],"rotation":0,"texture":"#4","tintindex":0}}},{"from":[7.940857,7.526857,2.3222857],"to":[8.414,8.473143,8.946286],"rotation":{"angle":0.0,"axis":"y","origin":[34.43686,-19.91543,-36.002285]},"faces":{"east":{"uv":[6.90625,5.86875,7.33125,10.3375],"rotation":0,"texture":"#2","tintindex":0},"south":{"uv":[6.90625,5.86875,7.33125,10.3375],"rotation":0,"texture":"#2","tintindex":0},"north":{"uv":[6.90625,5.86875,7.33125,10.3375],"rotation":0,"texture":"#2","tintindex":0},"west":{"uv":[6.90625,5.86875,7.33125,10.3375],"rotation":0,"texture":"#2","tintindex":0},"up":{"uv":[6.90625,5.86875,7.33125,10.375],"rotation":0,"texture":"#2","tintindex":0},"down":{"uv":[6.90625,5.86875,7.33125,10.375],"rotation":0,"texture":"#2","tintindex":0}}},{"from":[7.940857,7.526857,7.526857],"to":[8.414,8.473143,14.150858],"rotation":{"angle":0.0,"axis":"y","origin":[34.43686,-19.91543,-36.002285]},"faces":{"east":{"uv":[6.90625,5.86875,7.33125,10.3375],"rotation":0,"texture":"#2","tintindex":0},"south":{"uv":[6.90625,5.86875,7.33125,10.3375],"rotation":0,"texture":"#2","tintindex":0},"north":{"uv":[6.90625,5.86875,7.33125,10.3375],"rotation":0,"texture":"#2","tintindex":0},"west":{"uv":[6.90625,5.86875,7.33125,10.3375],"rotation":0,"texture":"#2","tintindex":0},"up":{"uv":[6.90625,5.86875,7.33125,10.375],"rotation":0,"texture":"#2","tintindex":0},"down":{"uv":[6.90625,5.86875,7.33125,10.375],"rotation":0,"texture":"#2","tintindex":0}}},{"from":[6.994571,6.344,6.1074286],"to":[8.414,9.656,9.419429],"rotation":{"angle":0.0,"axis":"y","origin":[34.43686,-19.91543,-36.002285]},"faces":{"east":{"uv":[0.0,0.0,12.813855,7.042544],"rotation":0,"texture":"#4","tintindex":0},"south":{"uv":[0.0,0.0,12.801355,7.042544],"rotation":0,"texture":"#4","tintindex":0},"north":{"uv":[0.0,0.0,12.801355,7.042544],"rotation":0,"texture":"#4","tintindex":0},"west":{"uv":[0.0,0.0,12.813855,7.042544],"rotation":0,"texture":"#4","tintindex":0},"up":{"uv":[0.0,0.0,12.801355,7.0394187],"rotation":0,"texture":"#4","tintindex":0},"down":{"uv":[0.0,0.0,12.801355,7.0394187],"rotation":0,"texture":"#4","tintindex":0}}}],"textures":{"2":"modelengine:entity/bloque_tronco","4":"modelengine:entity/ladrillo_piedra_liza"},"display":{"head":{"translation":[0.0,-6.4,0.0],"scale":[4.0,4.0,4.0]}}}