{"elements":[{"from":[7.6431713,6.9748573,7.539758],"to":[8.116314,13.598858,8.486044],"rotation":{"angle":0.0,"axis":"y","origin":[7.8797426,6.9748573,51.99584]},"faces":{"east":{"uv":[6.90625,5.86875,7.33125,10.3375],"rotation":0,"texture":"#2","tintindex":0},"south":{"uv":[6.90625,5.86875,7.33125,10.3375],"rotation":0,"texture":"#2","tintindex":0},"north":{"uv":[6.90625,5.86875,7.33125,10.3375],"rotation":0,"texture":"#2","tintindex":0},"west":{"uv":[6.90625,5.86875,7.33125,10.3375],"rotation":0,"texture":"#2","tintindex":0},"up":{"uv":[6.90625,5.86875,7.33125,10.375],"rotation":0,"texture":"#2","tintindex":0},"down":{"uv":[6.90625,5.86875,7.33125,10.375],"rotation":0,"texture":"#2","tintindex":0}}},{"from":[7.5248857,5.318857,5.154692],"to":[8.5894575,10.523429,10.359264],"rotation":{"angle":0.0,"axis":"y","origin":[8.116314,7.921143,7.756978]},"faces":{"east":{"uv":[1.1669173,0.8461153,9.842896,6.6981516],"rotation":0,"texture":"#4","tintindex":0},"south":{"uv":[0.0,8.260652,6.879433,8.899655],"rotation":0,"texture":"#4","tintindex":0},"north":{"uv":[0.0,8.140351,7.0237937,8.979856],"rotation":0,"texture":"#4","tintindex":0},"west":{"uv":[1.2631578,0.9263158,9.842896,6.6981516],"rotation":0,"texture":"#4","tintindex":0},"up":{"uv":[0.0,8.2205515,6.755122,8.75217],"rotation":0,"texture":"#4","tintindex":0},"down":{"uv":[0.0,8.2205515,6.8313127,8.82836],"rotation":0,"texture":"#4","tintindex":0}}},{"from":[7.6431713,7.448,7.5204067],"to":[8.116314,8.394286,14.144407],"rotation":{"angle":0.0,"axis":"y","origin":[32.2466,-19.521143,-36.00874]},"faces":{"east":{"uv":[6.90625,5.86875,6.95,5.875],"rotation":0,"texture":"#2","tintindex":0},"south":{"uv":[6.90625,5.86875,6.909375,5.875],"rotation":0,"texture":"#2","tintindex":0},"north":{"uv":[6.90625,5.86875,6.909375,5.875],"rotation":0,"texture":"#2","tintindex":0},"west":{"uv":[6.90625,5.86875,6.95,5.875],"rotation":0,"texture":"#2","tintindex":0},"up":{"uv":[6.90625,5.86875,6.909375,5.9125],"rotation":0,"texture":"#2","tintindex":0},"down":{"uv":[6.90625,5.86875,6.909375,5.9125],"rotation":0,"texture":"#2","tintindex":0}}},{"from":[7.6431713,2.7165709,7.539758],"to":[8.116314,9.340571,8.486044],"rotation":{"angle":0.0,"axis":"y","origin":[7.8797426,3.662857,51.28612]},"faces":{"east":{"uv":[6.90625,5.86875,7.33125,10.3375],"rotation":0,"texture":"#2","tintindex":0},"south":{"uv":[6.90625,5.86875,7.33125,10.3375],"rotation":0,"texture":"#2","tintindex":0},"north":{"uv":[6.90625,5.86875,7.33125,10.3375],"rotation":0,"texture":"#2","tintindex":0},"west":{"uv":[6.90625,5.86875,7.33125,10.3375],"rotation":0,"texture":"#2","tintindex":0},"up":{"uv":[6.90625,5.86875,7.33125,10.375],"rotation":0,"texture":"#2","tintindex":0},"down":{"uv":[6.90625,5.86875,7.33125,10.375],"rotation":0,"texture":"#2","tintindex":0}}},{"from":[7.6431713,7.448,2.315835],"to":[8.116314,8.394286,8.939836],"rotation":{"angle":0.0,"axis":"y","origin":[32.2466,-19.521143,-36.00874]},"faces":{"east":{"uv":[6.90625,5.86875,7.33125,10.3375],"rotation":0,"texture":"#2","tintindex":0},"south":{"uv":[6.90625,5.86875,7.33125,10.3375],"rotation":0,"texture":"#2","tintindex":0},"north":{"uv":[6.90625,5.86875,7.33125,10.3375],"rotation":0,"texture":"#2","tintindex":0},"west":{"uv":[6.90625,5.86875,7.33125,10.3375],"rotation":0,"texture":"#2","tintindex":0},"up":{"uv":[6.90625,5.86875,7.33125,10.375],"rotation":0,"texture":"#2","tintindex":0},"down":{"uv":[6.90625,5.86875,7.33125,10.375],"rotation":0,"texture":"#2","tintindex":0}}},{"from":[7.6668286,6.265143,6.100978],"to":[9.0626,9.577143,9.412978],"rotation":{"angle":0.0,"axis":"y","origin":[-12.22883,-19.521143,-36.00874]},"faces":{"east":{"uv":[0.0,0.0,12.813855,7.042544],"rotation":0,"texture":"#4","tintindex":0},"south":{"uv":[0.0,0.0,12.801199,7.042544],"rotation":0,"texture":"#4","tintindex":0},"north":{"uv":[0.0,0.0,12.801199,7.042544],"rotation":0,"texture":"#4","tintindex":0},"west":{"uv":[0.0,0.0,12.813855,7.042544],"rotation":0,"texture":"#4","tintindex":0},"up":{"uv":[0.0,0.0,12.801199,7.0394187],"rotation":0,"texture":"#4","tintindex":0},"down":{"uv":[0.0,0.0,12.801199,7.0394187],"rotation":0,"texture":"#4","tintindex":0}}}],"textures":{"2":"modelengine:entity/bloque_tronco","4":"modelengine:entity/ladrillo_piedra_liza"},"display":{"head":{"translation":[0.0,-6.4,0.0],"scale":[4.0,4.0,4.0]}}}