{"elements":[{"from":[7.2902856,8.315615,7.7297735],"to":[8.709714,13.99333,9.149202],"rotation":{"angle":0.0,"axis":"y","origin":[8.0,7.605901,8.439487]},"faces":{"east":{"uv":[7.073542,2.085372,9.004172,12.010423],"rotation":0,"texture":"#6","tintindex":0},"south":{"uv":[7.073542,2.085372,9.004172,12.010423],"rotation":0,"texture":"#6","tintindex":0},"north":{"uv":[7.073542,2.085372,9.004172,12.010423],"rotation":0,"texture":"#6","tintindex":0},"west":{"uv":[7.073542,2.085372,9.004172,12.010423],"rotation":0,"texture":"#6","tintindex":0},"up":{"uv":[7.0349364,2.085372,7.931786,3.9406836],"rotation":0,"texture":"#6","tintindex":0},"down":{"uv":[7.073542,2.085372,9.004172,12.047922],"rotation":0,"texture":"#6","tintindex":0}}}],"textures":{"6":"modelengine:entity/palanca"},"display":{"head":{"translation":[0.0,-6.4,0.0],"scale":[4.0,4.0,4.0]}}}