{"elements":[{"from":[19.248966,-0.6774397,-32.385284],"to":[25.343046,5.41664,32.0],"rotation":{"angle":0.0,"axis":"x","origin":[21.059742,1.3759999,-27.60302]},"faces":{"east":{"uv":[1.7050245,5.625,11.876075,7.4760294],"rotation":0,"texture":"#0","tintindex":0},"south":{"uv":[1.6737745,5.5335674,3.6810539,7.3327427],"rotation":90,"texture":"#0","tintindex":0},"north":{"uv":[1.6737745,5.5335674,3.6810539,7.3327427],"rotation":90,"texture":"#0","tintindex":0},"west":{"uv":[1.7050245,5.625,11.876075,7.4760294],"rotation":0,"texture":"#0","tintindex":0},"up":{"uv":[1.6737745,5.5648174,11.962304,7.4202423],"rotation":270,"texture":"#0","tintindex":0},"down":{"uv":[1.6737745,5.5648174,11.962304,7.4202423],"rotation":270,"texture":"#0","tintindex":0}}}],"textures":{"0":"modelengine:entity/tablones_fila"},"display":{"head":{"translation":[0.0,-6.4,164.1312],"scale":[4.0,4.0,4.0]}}}