{"elements":[{"from":[5.4450283,0.4770279,-0.1853714],"to":[10.6496,17.03703,16.37463],"rotation":{"angle":0.0,"axis":"y","origin":[8.047315,8.757029,8.094628]},"faces":{"east":{"uv":[10.715834,5.2233686,5.221875,10.840516],"rotation":0,"texture":"#1","tintindex":0},"south":{"uv":[0.12139606,11.6990795,5.517309,9.623207],"rotation":90,"texture":"#1","tintindex":0},"north":{"uv":[0.12139606,11.6990795,5.517309,9.623207],"rotation":90,"texture":"#1","tintindex":0},"west":{"uv":[10.715834,5.2233686,5.221875,10.840516],"rotation":0,"texture":"#1","tintindex":0},"up":{"uv":[5.1763277,9.697117,0.30349013,11.805179],"rotation":90,"texture":"#1","tintindex":0},"down":{"uv":[0.12139606,11.6990795,5.517309,9.623207],"rotation":90,"texture":"#1","tintindex":0}}},{"from":[5.6815996,-1.4155426,2.1803427],"to":[10.176457,7.5741715,14.008915],"rotation":{"angle":0.0,"axis":"y","origin":[7.9290285,3.0793138,8.094628]},"faces":{"east":{"uv":[9.628794,13.40625,6.317318,9.894604],"rotation":0,"texture":"#1","tintindex":0},"south":{"uv":[1.8120922,11.71378,5.0044956,9.6285095],"rotation":270,"texture":"#1","tintindex":0},"north":{"uv":[0.36841807,11.792413,5.1617603,9.451271],"rotation":90,"texture":"#1","tintindex":0},"west":{"uv":[9.628794,13.40625,6.317318,9.894604],"rotation":0,"texture":"#1","tintindex":0},"up":{"uv":[5.227314,9.6437025,0.1966616,11.751764],"rotation":90,"texture":"#1","tintindex":0},"down":{"uv":[0.30740705,9.510167,5.102551,11.756933],"rotation":90,"texture":"#1","tintindex":0}}},{"from":[5.6815996,2.842743,9.277486],"to":[10.176457,14.671314,18.2672],"rotation":{"angle":0.0,"axis":"y","origin":[7.9290285,8.757029,13.772343]},"faces":{"east":{"uv":[9.703964,9.863354,6.254818,13.3310795],"rotation":90,"texture":"#1","tintindex":0},"south":{"uv":[0.21122913,11.609246,5.3862014,9.647486],"rotation":90,"texture":"#1","tintindex":0},"north":{"uv":[0.12139606,11.6990795,5.517309,9.623207],"rotation":90,"texture":"#1","tintindex":0},"west":{"uv":[9.703964,9.863354,6.254818,13.3310795],"rotation":90,"texture":"#1","tintindex":0},"up":{"uv":[5.1763277,9.697117,0.30349013,11.805179],"rotation":90,"texture":"#1","tintindex":0},"down":{"uv":[0.12139606,11.6990795,5.517309,9.623207],"rotation":90,"texture":"#1","tintindex":0}}},{"from":[5.6815996,2.842743,-2.0779438],"to":[10.176457,14.671314,6.9117713],"rotation":{"angle":0.0,"axis":"y","origin":[7.9290285,8.757029,2.416914]},"faces":{"east":{"uv":[6.254818,13.3310795,9.703964,9.863354],"rotation":90,"texture":"#1","tintindex":0},"south":{"uv":[0.37147194,11.662661,5.2793727,9.7009],"rotation":90,"texture":"#1","tintindex":0},"north":{"uv":[0.12139606,11.6990795,5.517309,9.623207],"rotation":90,"texture":"#1","tintindex":0},"west":{"uv":[6.254818,13.3310795,9.703964,9.863354],"rotation":90,"texture":"#1","tintindex":0},"up":{"uv":[5.1763277,9.697117,0.30349013,11.805179],"rotation":90,"texture":"#1","tintindex":0},"down":{"uv":[0.38846737,11.63217,5.576935,9.733536],"rotation":90,"texture":"#1","tintindex":0}}},{"from":[5.9181714,2.3695998,1.7072],"to":[10.413029,18.9296,13.535772],"rotation":{"angle":0.0,"axis":"y","origin":[8.1656,10.6496,7.6214857]},"faces":{"east":{"uv":[10.823672,5.2825303,5.117119,10.7921095],"rotation":0,"texture":"#1","tintindex":0},"south":{"uv":[0.15625,4.187538,4.840336,6.284949],"rotation":270,"texture":"#1","tintindex":0},"north":{"uv":[0.27435508,4.4206185,4.85404,6.3587255],"rotation":270,"texture":"#1","tintindex":0},"west":{"uv":[9.628794,9.894604,6.317318,13.40625],"rotation":0,"texture":"#1","tintindex":0},"up":{"uv":[5.1763277,9.697117,0.30349013,11.805179],"rotation":90,"texture":"#1","tintindex":0},"down":{"uv":[7.8582416,9.437329,13.329287,12.867982],"rotation":0,"texture":"#1","tintindex":0}}}],"textures":{"1":"modelengine:entity/bloqueslizos"},"display":{"head":{"translation":[0.0,-6.4,0.0],"scale":[4.0,4.0,4.0]}}}