{"elements":[{"from":[7.194286,3.7142854,3.7142854],"to":[10.622857,12.285715,12.285715],"rotation":{"angle":0.0,"axis":"y","origin":[8.908571,8.0,8.0]},"faces":{"east":{"uv":[0.328125,0.0625,0.40625,0.140625],"rotation":0,"texture":"#1","tintindex":0},"south":{"uv":[0.25,0.0625,0.28125,0.140625],"rotation":0,"texture":"#1","tintindex":0},"north":{"uv":[0.15625,0.0625,0.1875,0.140625],"rotation":0,"texture":"#1","tintindex":0},"west":{"uv":[0.234375,0.0625,0.3125,0.140625],"rotation":0,"texture":"#1","tintindex":0},"up":{"uv":[0.1875,0.0625,0.21875,0.140625],"rotation":0,"texture":"#1","tintindex":0},"down":{"uv":[0.21875,0.0,0.25,0.078125],"rotation":0,"texture":"#1","tintindex":0}}},{"from":[6.68,4.262857,4.262857],"to":[7.502857,11.737143,11.737143],"rotation":{"angle":0.0,"axis":"y","origin":[57.937145,-0.74285793,62.342857]},"faces":{"east":{"uv":[10.274962,5.494135,5.9484067,6.118361],"rotation":0,"texture":"#1","tintindex":0},"south":{"uv":[10.33628,5.4913716,5.9508348,6.118361],"rotation":0,"texture":"#1","tintindex":0},"north":{"uv":[10.190604,5.4962273,5.8051596,6.123217],"rotation":0,"texture":"#1","tintindex":0},"west":{"uv":[10.676188,5.253435,5.193323,10.796965],"rotation":0,"texture":"#1","tintindex":0},"up":{"uv":[10.263442,5.4913716,5.877997,6.118361],"rotation":0,"texture":"#1","tintindex":0},"down":{"uv":[10.279818,5.4513054,5.894373,6.118361],"rotation":0,"texture":"#1","tintindex":0}}}],"textures":{"1":"modelengine:entity/bloqueslizos"},"display":{"head":{"translation":[0.0,-6.4,0.0],"scale":[4.0,4.0,4.0]}}}