{"elements":[{"from":[8.307543,2.842742,2.842742],"to":[9.916228,13.157258,13.157258],"rotation":{"angle":0.0,"axis":"y","origin":[9.726972,2.5588565,8.236571]},"faces":{"east":{"uv":[10.595448,5.3436036,5.3171473,10.694992],"rotation":0,"texture":"#1","tintindex":0},"south":{"uv":[10.190604,5.4962273,5.8051596,6.123217],"rotation":0,"texture":"#1","tintindex":0},"north":{"uv":[10.190604,5.4962273,5.8051596,6.123217],"rotation":0,"texture":"#1","tintindex":0},"west":{"uv":[10.190604,5.4962273,5.8051596,6.123217],"rotation":0,"texture":"#1","tintindex":0},"up":{"uv":[10.190604,5.4962273,5.8051596,6.123217],"rotation":0,"texture":"#1","tintindex":0},"down":{"uv":[10.231259,5.423976,5.8458147,6.091031],"rotation":0,"texture":"#1","tintindex":0}}},{"from":[4.5224,2.0857139,2.0857139],"to":[9.253829,13.914286,13.914286],"rotation":{"angle":0.0,"axis":"y","origin":[6.888114,8.0,8.0]},"faces":{"east":{"uv":[0.15625,0.0625,0.234375,0.140625],"rotation":0,"texture":"#1","tintindex":0},"south":{"uv":[0.21875,0.0625,0.25,0.140625],"rotation":0,"texture":"#1","tintindex":0},"north":{"uv":[0.125,0.0625,0.15625,0.140625],"rotation":0,"texture":"#1","tintindex":0},"west":{"uv":[0.25,0.0625,0.328125,0.140625],"rotation":0,"texture":"#1","tintindex":0},"up":{"uv":[0.15625,0.0625,0.1875,0.140625],"rotation":0,"texture":"#1","tintindex":0},"down":{"uv":[0.1875,0.0,0.21875,0.078125],"rotation":0,"texture":"#1","tintindex":0}}}],"textures":{"1":"modelengine:entity/bloqueslizos"},"display":{"head":{"translation":[0.0,-6.4,0.0],"scale":[4.0,4.0,4.0]}}}