{"elements":[{"from":[-6.4685717,24.32,-11.908575],"to":[0.8685713,32.0,32.0],"rotation":{"angle":0.0,"axis":"x","origin":[-2.8000002,28.160002,-7.6685734]},"faces":{"east":{"uv":[2.987268,6.890651,9.190449,8.393833],"rotation":0,"texture":"#3","tintindex":0},"south":{"uv":[5.5047965,9.482894,6.7506466,11.02255],"rotation":270,"texture":"#3","tintindex":0},"north":{"uv":[5.5064955,9.484212,6.7496,11.023249],"rotation":270,"texture":"#3","tintindex":0},"west":{"uv":[2.9817939,6.8855805,9.144072,8.35183],"rotation":180,"texture":"#3","tintindex":0},"up":{"uv":[2.9260874,6.891872,9.173105,8.4187565],"rotation":270,"texture":"#3","tintindex":0},"down":{"uv":[2.9813845,6.894715,9.168628,8.359242],"rotation":270,"texture":"#3","tintindex":0}}},{"from":[15.474286,24.32,-11.908575],"to":[22.811428,32.0,31.657139],"rotation":{"angle":0.0,"axis":"x","origin":[19.142857,28.160002,-7.840003]},"faces":{"east":{"uv":[2.987268,6.890651,9.190449,8.393833],"rotation":0,"texture":"#3","tintindex":0},"south":{"uv":[5.5047965,9.482894,6.7506466,11.02255],"rotation":270,"texture":"#3","tintindex":0},"north":{"uv":[5.5064955,9.484212,6.7496,11.023249],"rotation":270,"texture":"#3","tintindex":0},"west":{"uv":[2.9817939,6.8855805,9.144072,8.35183],"rotation":180,"texture":"#3","tintindex":0},"up":{"uv":[2.9260874,6.891872,9.173105,8.4187565],"rotation":270,"texture":"#3","tintindex":0},"down":{"uv":[2.9813845,6.894715,9.168628,8.359242],"rotation":270,"texture":"#3","tintindex":0}}}],"textures":{"3":"modelengine:entity/madera"},"display":{"head":{"translation":[0.0,5.085916,103.919815],"scale":[4.0,4.0,4.0]}}}