{"elements":[{"from":[-5.9766407,24.581123,-40.280632],"to":[1.1110406,32.0,36.359047],"rotation":{"angle":0.0,"axis":"x","origin":[-2.4328003,28.290564,-1.9607944]},"faces":{"east":{"uv":[2.987268,6.890651,9.190449,8.393833],"rotation":0,"texture":"#3","tintindex":0},"south":{"uv":[5.5047965,9.482894,6.7506466,11.02255],"rotation":270,"texture":"#3","tintindex":0},"north":{"uv":[5.5064955,9.484212,6.7496,11.023249],"rotation":270,"texture":"#3","tintindex":0},"west":{"uv":[2.9817939,6.8855805,9.144072,8.35183],"rotation":180,"texture":"#3","tintindex":0},"up":{"uv":[2.9260874,6.891872,9.173105,8.4187565],"rotation":270,"texture":"#3","tintindex":0},"down":{"uv":[2.9813845,6.894715,9.168628,8.359242],"rotation":270,"texture":"#3","tintindex":0}}},{"from":[15.22016,24.581123,-40.280632],"to":[22.30784,32.0,36.027847],"rotation":{"angle":0.0,"axis":"x","origin":[18.764,28.290564,-2.1263952]},"faces":{"east":{"uv":[2.987268,6.890651,9.190449,8.393833],"rotation":0,"texture":"#3","tintindex":0},"south":{"uv":[5.5047965,9.482894,6.7506466,11.02255],"rotation":270,"texture":"#3","tintindex":0},"north":{"uv":[5.5064955,9.484212,6.7496,11.023249],"rotation":270,"texture":"#3","tintindex":0},"west":{"uv":[2.9817939,6.8855805,9.144072,8.35183],"rotation":180,"texture":"#3","tintindex":0},"up":{"uv":[2.9260874,6.891872,9.173105,8.4187565],"rotation":270,"texture":"#3","tintindex":0},"down":{"uv":[2.9813845,6.894715,9.168628,8.359242],"rotation":270,"texture":"#3","tintindex":0}}}],"textures":{"3":"modelengine:entity/madera"},"display":{"head":{"translation":[0.0,1.4313827,79.68635],"scale":[4.0,4.0,4.0]}}}