{"elements":[{"from":[-23.695837,4.4561596,4.4561596],"to":[39.69584,11.54384,11.54384],"rotation":{"angle":0.0,"axis":"y","origin":[5.8472,7.5032,8.1656]},"faces":{"east":{"uv":[5.4923205,9.468009,6.729634,11.0069685],"rotation":90,"texture":"#3","tintindex":0},"south":{"uv":[3.0091004,6.9451694,9.156915,8.350713],"rotation":0,"texture":"#3","tintindex":0},"north":{"uv":[3.001443,6.878112,9.148414,8.335625],"rotation":180,"texture":"#3","tintindex":0},"west":{"uv":[5.5107985,9.502347,6.7353554,11.01717],"rotation":270,"texture":"#3","tintindex":0},"up":{"uv":[2.9260874,6.891872,9.180891,8.365872],"rotation":0,"texture":"#3","tintindex":0},"down":{"uv":[2.9813845,6.894715,9.173831,8.333716],"rotation":0,"texture":"#3","tintindex":0}}}],"textures":{"3":"modelengine:entity/madera"},"display":{"head":{"translation":[0.0,-6.4,0.0],"scale":[4.0,4.0,4.0]}}}