{"elements":[{"from":[-12.708572,24.662855,21.645714],"to":[32.0,32.0,28.982859],"rotation":{"angle":0.0,"axis":"y","origin":[9.645714,28.331427,25.314285]},"faces":{"east":{"uv":[5.553398,9.521901,6.7402616,10.98676],"rotation":0,"texture":"#3","tintindex":0},"south":{"uv":[2.975292,6.890651,9.165411,8.316438],"rotation":0,"texture":"#3","tintindex":0},"north":{"uv":[2.975292,6.890651,9.165411,8.316438],"rotation":0,"texture":"#3","tintindex":0},"west":{"uv":[5.5191817,9.527497,6.713046,10.990377],"rotation":180,"texture":"#3","tintindex":0},"up":{"uv":[2.975292,6.890651,9.165411,8.316438],"rotation":0,"texture":"#3","tintindex":0},"down":{"uv":[2.975292,6.890651,9.165411,8.316438],"rotation":0,"texture":"#3","tintindex":0}}}],"textures":{"3":"modelengine:entity/madera"},"display":{"head":{"translation":[142.90286,26.788584,0.0],"scale":[4.0,4.0,4.0]}}}