{"elements":[{"from":[-6.6880255,5.431976,-16.0],"to":[23.168026,10.568024,-10.863949],"rotation":{"angle":0.0,"axis":"y","origin":[8.24,8.0,-13.431976]},"faces":{"east":{"uv":[5.501901,9.466811,6.745052,11.029874],"rotation":0,"texture":"#3","tintindex":0},"south":{"uv":[2.975292,6.921901,9.190449,8.344619],"rotation":0,"texture":"#3","tintindex":0},"north":{"uv":[2.999244,6.890651,9.190449,8.375869],"rotation":0,"texture":"#3","tintindex":0},"west":{"uv":[5.5167866,9.472407,6.720232,10.99876],"rotation":180,"texture":"#3","tintindex":0},"up":{"uv":[2.975292,6.921901,9.190449,8.344619],"rotation":0,"texture":"#3","tintindex":0},"down":{"uv":[2.975292,6.921901,9.190449,8.344619],"rotation":0,"texture":"#3","tintindex":0}}},{"from":[2.9119997,5.432,-3.0399742],"to":[21.008,10.568,2.0960255],"rotation":{"angle":0.0,"axis":"y","origin":[11.96,8.0,-0.47197533]},"faces":{"east":{"uv":[5.553398,9.521901,6.7402616,10.98676],"rotation":0,"texture":"#3","tintindex":0},"south":{"uv":[2.975292,6.921901,7.6084127,8.362583],"rotation":0,"texture":"#3","tintindex":0},"north":{"uv":[2.975292,6.890651,7.6709127,8.331333],"rotation":0,"texture":"#3","tintindex":0},"west":{"uv":[5.553398,9.521901,6.7402616,10.98676],"rotation":0,"texture":"#3","tintindex":0},"up":{"uv":[2.975292,6.921901,7.6084127,8.362583],"rotation":0,"texture":"#3","tintindex":0},"down":{"uv":[2.975292,6.921901,7.6084127,8.362583],"rotation":0,"texture":"#3","tintindex":0}}},{"from":[-11.728001,5.432,-3.0399742],"to":[3.7280002,10.568,2.0960255],"rotation":{"angle":0.0,"axis":"y","origin":[-4.0,8.0,-0.47197533]},"faces":{"east":{"uv":[5.553398,9.521901,6.7402616,10.98676],"rotation":0,"texture":"#3","tintindex":0},"south":{"uv":[2.975292,6.921901,7.6084127,8.362583],"rotation":0,"texture":"#3","tintindex":0},"north":{"uv":[2.975292,6.890651,7.6709127,8.331333],"rotation":0,"texture":"#3","tintindex":0},"west":{"uv":[5.553398,9.521901,6.7402616,10.98676],"rotation":0,"texture":"#3","tintindex":0},"up":{"uv":[2.975292,6.921901,7.6084127,8.362583],"rotation":0,"texture":"#3","tintindex":0},"down":{"uv":[2.975292,6.921901,7.6084127,8.362583],"rotation":0,"texture":"#3","tintindex":0}}},{"from":[-7.408,5.432,9.920026],"to":[23.408,10.568,15.0560255],"rotation":{"angle":0.0,"axis":"y","origin":[8.0,8.0,12.488026]},"faces":{"east":{"uv":[5.553398,9.521901,6.7402616,10.98676],"rotation":0,"texture":"#3","tintindex":0},"south":{"uv":[2.975292,6.921901,9.166496,8.362583],"rotation":0,"texture":"#3","tintindex":0},"north":{"uv":[2.975292,6.890651,9.190449,8.331333],"rotation":0,"texture":"#3","tintindex":0},"west":{"uv":[5.5191817,9.527497,6.713046,10.990377],"rotation":180,"texture":"#3","tintindex":0},"up":{"uv":[2.975292,6.921901,9.190449,8.362583],"rotation":0,"texture":"#3","tintindex":0},"down":{"uv":[2.975292,6.921901,9.190449,8.362583],"rotation":0,"texture":"#3","tintindex":0}}}],"textures":{"3":"modelengine:entity/madera"},"display":{"head":{"translation":[0.0,-6.4,-17.952103],"scale":[4.0,4.0,4.0]}}}