{"elements":[{"from":[-13.149487,2.9373713,2.9373713],"to":[29.149487,13.062629,13.062629],"rotation":{"angle":0.0,"axis":"y","origin":[-13.528002,13.15548,4.9471855]},"faces":{"east":{"uv":[5.553398,9.521901,6.7402616,10.98676],"rotation":0,"texture":"#3","tintindex":0},"south":{"uv":[2.9788847,6.890651,6.991759,8.316438],"rotation":0,"texture":"#3","tintindex":0},"north":{"uv":[2.936744,6.890651,6.991759,8.378938],"rotation":0,"texture":"#3","tintindex":0},"west":{"uv":[5.5191817,9.527497,6.713046,10.990377],"rotation":180,"texture":"#3","tintindex":0},"up":{"uv":[2.9788847,6.890651,6.991759,8.316438],"rotation":0,"texture":"#3","tintindex":0},"down":{"uv":[2.9788847,6.890651,6.991759,8.316438],"rotation":0,"texture":"#3","tintindex":0}}}],"textures":{"3":"modelengine:entity/madera"},"display":{"head":{"translation":[0.0,-6.4,0.0],"scale":[4.0,4.0,4.0]}}}