{"elements":[{"from":[-13.92544,4.78736,-15.6688],"to":[-6.83776,12.20624,34.474884],"rotation":{"angle":0.0,"axis":"y","origin":[35.622124,30.356,20.219732]},"faces":{"east":{"uv":[2.994042,6.8719015,9.190449,8.393833],"rotation":0,"texture":"#3","tintindex":0},"south":{"uv":[5.5064955,9.484212,6.7496,11.0044985],"rotation":270,"texture":"#3","tintindex":0},"north":{"uv":[5.5064955,9.484212,6.7496,11.0044985],"rotation":270,"texture":"#3","tintindex":0},"west":{"uv":[2.9448178,6.866831,9.164431,8.41433],"rotation":180,"texture":"#3","tintindex":0},"up":{"uv":[2.9620156,6.8731217,9.173105,8.4187565],"rotation":270,"texture":"#3","tintindex":0},"down":{"uv":[2.9444084,6.875965,9.168628,8.421742],"rotation":270,"texture":"#3","tintindex":0}}},{"from":[21.844162,3.7937598,-16.0],"to":[28.93184,11.21264,34.474884],"rotation":{"angle":0.0,"axis":"y","origin":[71.39172,30.356,19.888533]},"faces":{"east":{"uv":[2.994042,6.8719015,9.190449,8.393833],"rotation":0,"texture":"#3","tintindex":0},"south":{"uv":[5.5064955,9.484212,6.7496,11.0044985],"rotation":270,"texture":"#3","tintindex":0},"north":{"uv":[5.5064955,9.484212,6.7496,11.0044985],"rotation":270,"texture":"#3","tintindex":0},"west":{"uv":[2.9448178,6.866831,9.164431,8.41433],"rotation":180,"texture":"#3","tintindex":0},"up":{"uv":[2.9620156,6.8731217,9.173105,8.4187565],"rotation":270,"texture":"#3","tintindex":0},"down":{"uv":[2.9444084,6.875965,9.168628,8.421742],"rotation":270,"texture":"#3","tintindex":0}}}],"textures":{"3":"modelengine:entity/madera"},"display":{"head":{"translation":[0.0,-6.4,-126.50017],"scale":[4.0,4.0,4.0]}}}