{"elements":[{"from":[-7.8880005,5.672,-15.760002],"to":[-2.7519999,11.048,20.575998],"rotation":{"angle":0.0,"axis":"y","origin":[28.016033,24.2,10.246181]},"faces":{"east":{"uv":[2.994042,6.8719015,9.190449,8.393833],"rotation":0,"texture":"#3","tintindex":0},"south":{"uv":[5.5064955,9.484212,6.7496,11.0044985],"rotation":270,"texture":"#3","tintindex":0},"north":{"uv":[5.5064955,9.484212,6.7496,11.0044985],"rotation":270,"texture":"#3","tintindex":0},"west":{"uv":[2.9448178,6.866831,9.164431,8.41433],"rotation":180,"texture":"#3","tintindex":0},"up":{"uv":[2.9620156,6.8731217,9.173105,8.4187565],"rotation":270,"texture":"#3","tintindex":0},"down":{"uv":[2.9444084,6.875965,9.168628,8.421742],"rotation":270,"texture":"#3","tintindex":0}}},{"from":[18.032001,4.9519997,-16.0],"to":[23.168001,10.328,20.575998],"rotation":{"angle":0.0,"axis":"y","origin":[53.93603,24.2,10.00618]},"faces":{"east":{"uv":[2.994042,6.8719015,9.190449,8.393833],"rotation":0,"texture":"#3","tintindex":0},"south":{"uv":[5.5064955,9.484212,6.7496,11.0044985],"rotation":270,"texture":"#3","tintindex":0},"north":{"uv":[5.5064955,9.484212,6.7496,11.0044985],"rotation":270,"texture":"#3","tintindex":0},"west":{"uv":[2.9448178,6.866831,9.164431,8.41433],"rotation":180,"texture":"#3","tintindex":0},"up":{"uv":[2.9620156,6.8731217,9.173105,8.4187565],"rotation":270,"texture":"#3","tintindex":0},"down":{"uv":[2.9444084,6.875965,9.168628,8.421742],"rotation":270,"texture":"#3","tintindex":0}}}],"textures":{"3":"modelengine:entity/madera"},"display":{"head":{"translation":[0.0,-6.4,-65.231995],"scale":[4.0,4.0,4.0]}}}