{"elements":[{"from":[-14.354286,4.3314285,4.3314285],"to":[30.354286,11.668571,11.668571],"rotation":{"angle":0.0,"axis":"y","origin":[8.0,8.0,8.0]},"faces":{"east":{"uv":[5.553398,9.521901,6.7402616,10.98676],"rotation":0,"texture":"#3","tintindex":0},"south":{"uv":[2.975292,6.890651,9.165411,8.316438],"rotation":0,"texture":"#3","tintindex":0},"north":{"uv":[2.975292,6.890651,9.165411,8.316438],"rotation":0,"texture":"#3","tintindex":0},"west":{"uv":[5.5191817,9.527497,6.713046,10.990377],"rotation":180,"texture":"#3","tintindex":0},"up":{"uv":[2.975292,6.890651,9.165411,8.316438],"rotation":0,"texture":"#3","tintindex":0},"down":{"uv":[2.975292,6.890651,9.165411,8.316438],"rotation":0,"texture":"#3","tintindex":0}}}],"textures":{"3":"modelengine:entity/madera"},"display":{"head":{"translation":[0.0,-6.4,0.0],"scale":[4.0,4.0,4.0]}}}