{"elements":[{"from":[4.5113597,4.5113597,24.880161],"to":[11.26784,10.93664,47.20304],"rotation":{"angle":0.0,"axis":"y","origin":[7.8896,7.724,67.5056]},"faces":{"east":{"uv":[2.975292,6.890651,8.245763,8.331333],"rotation":0,"texture":"#3","tintindex":0},"south":{"uv":[5.5047965,9.482894,6.7506466,11.02255],"rotation":270,"texture":"#3","tintindex":0},"north":{"uv":[5.5064955,9.484212,6.7496,11.023249],"rotation":270,"texture":"#3","tintindex":0},"west":{"uv":[2.9698179,6.8855805,8.157246,8.35183],"rotation":180,"texture":"#3","tintindex":0},"up":{"uv":[2.9766114,6.891872,8.165919,8.3562565],"rotation":270,"texture":"#3","tintindex":0},"down":{"uv":[2.9694083,6.894715,8.161442,8.359242],"rotation":270,"texture":"#3","tintindex":0}}},{"from":[-13.373442,4.5113597,-17.844639],"to":[-6.285761,11.930241,47.86544],"rotation":{"angle":0.0,"axis":"y","origin":[-9.829601,8.2208,46.474403]},"faces":{"east":{"uv":[2.975292,6.890651,9.190449,8.331333],"rotation":0,"texture":"#3","tintindex":0},"south":{"uv":[5.5064955,9.484212,6.7496,11.0044985],"rotation":270,"texture":"#3","tintindex":0},"north":{"uv":[5.5064955,9.484212,6.7496,11.0044985],"rotation":270,"texture":"#3","tintindex":0},"west":{"uv":[2.9698179,6.8855805,9.164431,8.35183],"rotation":180,"texture":"#3","tintindex":0},"up":{"uv":[2.9620156,6.891872,9.173105,8.4187565],"rotation":270,"texture":"#3","tintindex":0},"down":{"uv":[2.9694083,6.894715,9.168628,8.359242],"rotation":270,"texture":"#3","tintindex":0}}},{"from":[22.39616,4.34576,-18.010239],"to":[29.48384,11.76464,48.03104],"rotation":{"angle":0.0,"axis":"y","origin":[25.94,8.0552,46.474403]},"faces":{"east":{"uv":[2.975292,6.890651,9.190449,8.331333],"rotation":0,"texture":"#3","tintindex":0},"south":{"uv":[5.5064955,9.484212,6.7496,11.0044985],"rotation":270,"texture":"#3","tintindex":0},"north":{"uv":[5.5064955,9.484212,6.7496,11.0044985],"rotation":270,"texture":"#3","tintindex":0},"west":{"uv":[2.9698179,6.8855805,9.164431,8.35183],"rotation":180,"texture":"#3","tintindex":0},"up":{"uv":[2.9620156,6.891872,9.173105,8.4187565],"rotation":270,"texture":"#3","tintindex":0},"down":{"uv":[2.9694083,6.894715,9.168628,8.359242],"rotation":270,"texture":"#3","tintindex":0}}}],"textures":{"3":"modelengine:entity/madera"},"display":{"head":{"translation":[0.0,-6.4,-56.083206],"scale":[4.0,4.0,4.0]}}}