{"elements":[{"from":[-10.298971,21.874746,-16.0],"to":[32.0,32.0,-5.8747387],"rotation":{"angle":0.0,"axis":"y","origin":[10.850513,26.937374,-10.93737]},"faces":{"east":{"uv":[5.553398,9.521901,6.7402616,10.98676],"rotation":0,"texture":"#3","tintindex":0},"south":{"uv":[2.9788847,6.890651,6.991759,8.316438],"rotation":0,"texture":"#3","tintindex":0},"north":{"uv":[2.936744,6.890651,6.991759,8.378938],"rotation":0,"texture":"#3","tintindex":0},"west":{"uv":[5.5191817,9.527497,6.713046,10.990377],"rotation":180,"texture":"#3","tintindex":0},"up":{"uv":[2.9788847,6.890651,6.991759,8.316438],"rotation":0,"texture":"#3","tintindex":0},"down":{"uv":[2.9788847,6.890651,6.991759,8.316438],"rotation":0,"texture":"#3","tintindex":0}}}],"textures":{"3":"modelengine:entity/madera"},"display":{"head":{"translation":[71.384995,50.198692,-34.772858],"scale":[4.0,4.0,4.0]}}}