{"elements":[{"from":[-11.2514305,4.3314285,-13.840002],"to":[11.514284,11.672,-6.502857],"rotation":{"angle":0.0,"axis":"y","origin":[0.13142681,8.001715,-10.171429]},"faces":{"east":{"uv":[5.553398,9.521901,6.7402616,10.98676],"rotation":0,"texture":"#3","tintindex":0},"south":{"uv":[2.8911228,6.8943563,5.438465,8.369993],"rotation":0,"texture":"#3","tintindex":0},"north":{"uv":[2.8911228,6.8943563,5.438465,8.367373],"rotation":0,"texture":"#3","tintindex":0},"west":{"uv":[5.5191817,9.527497,6.713046,10.990377],"rotation":180,"texture":"#3","tintindex":0},"up":{"uv":[2.8911228,6.8943563,5.4648123,8.369993],"rotation":0,"texture":"#3","tintindex":0},"down":{"uv":[2.8911228,6.8943563,5.438465,8.369993],"rotation":0,"texture":"#3","tintindex":0}}},{"from":[-14.680002,4.3314285,4.3314285],"to":[11.514284,11.668571,11.668571],"rotation":{"angle":0.0,"axis":"y","origin":[-1.582859,8.0,8.0]},"faces":{"east":{"uv":[5.553398,9.521901,6.7402616,10.98676],"rotation":0,"texture":"#3","tintindex":0},"south":{"uv":[2.975292,6.921901,7.6084127,8.362583],"rotation":0,"texture":"#3","tintindex":0},"north":{"uv":[2.975292,6.890651,7.6709127,8.331333],"rotation":0,"texture":"#3","tintindex":0},"west":{"uv":[5.553398,9.521901,6.7402616,10.98676],"rotation":0,"texture":"#3","tintindex":0},"up":{"uv":[2.975292,6.921901,7.6084127,8.362583],"rotation":0,"texture":"#3","tintindex":0},"down":{"uv":[2.975292,6.921901,7.6084127,8.362583],"rotation":0,"texture":"#3","tintindex":0}}},{"from":[-11.2514305,4.3314285,22.845715],"to":[11.517714,11.668571,30.182858],"rotation":{"angle":0.0,"axis":"y","origin":[0.13314152,8.0,26.514288]},"faces":{"east":{"uv":[5.553398,9.521901,6.7402616,10.98676],"rotation":0,"texture":"#3","tintindex":0},"south":{"uv":[2.8911228,6.8943563,5.438465,8.44185],"rotation":0,"texture":"#3","tintindex":0},"north":{"uv":[2.8911228,6.8943563,5.438465,8.369993],"rotation":0,"texture":"#3","tintindex":0},"west":{"uv":[5.5191817,9.527497,6.713046,10.990377],"rotation":180,"texture":"#3","tintindex":0},"up":{"uv":[2.8911228,6.8943563,5.4648123,8.369993],"rotation":0,"texture":"#3","tintindex":0},"down":{"uv":[2.8911228,6.8943563,5.438465,8.369993],"rotation":0,"texture":"#3","tintindex":0}}},{"from":[19.94857,4.3314285,4.3314285],"to":[32.0,11.668571,11.668571],"rotation":{"angle":0.0,"axis":"y","origin":[28.759998,8.0,8.0]},"faces":{"east":{"uv":[5.553398,9.521901,6.7402616,10.98676],"rotation":0,"texture":"#3","tintindex":0},"south":{"uv":[2.9223728,6.8943563,6.0577393,8.369993],"rotation":0,"texture":"#3","tintindex":0},"north":{"uv":[2.9223728,6.8943563,6.0577393,8.369993],"rotation":0,"texture":"#3","tintindex":0},"west":{"uv":[5.5191817,9.527497,6.713046,10.990377],"rotation":180,"texture":"#3","tintindex":0},"up":{"uv":[2.9223728,6.8943563,6.0577393,8.369993],"rotation":0,"texture":"#3","tintindex":0},"down":{"uv":[2.9223728,6.8943563,6.0577393,8.369993],"rotation":0,"texture":"#3","tintindex":0}}},{"from":[19.94857,4.3314285,22.845715],"to":[27.971428,11.668571,30.182858],"rotation":{"angle":0.0,"axis":"y","origin":[23.96,8.0,26.514288]},"faces":{"east":{"uv":[5.553398,9.521901,6.7402616,10.98676],"rotation":0,"texture":"#3","tintindex":0},"south":{"uv":[2.8911228,6.8943563,4.245651,8.369993],"rotation":0,"texture":"#3","tintindex":0},"north":{"uv":[2.8911228,6.8943563,4.245651,8.369993],"rotation":0,"texture":"#3","tintindex":0},"west":{"uv":[5.5191817,9.527497,6.713046,10.990377],"rotation":180,"texture":"#3","tintindex":0},"up":{"uv":[2.8911228,6.8943563,4.245651,8.369993],"rotation":0,"texture":"#3","tintindex":0},"down":{"uv":[2.8911228,6.8943563,4.245651,8.369993],"rotation":0,"texture":"#3","tintindex":0}}},{"from":[19.94857,4.3314285,-13.840002],"to":[27.971428,11.668571,-6.502857],"rotation":{"angle":0.0,"axis":"y","origin":[23.96,8.0,-10.171429]},"faces":{"east":{"uv":[5.553398,9.521901,6.7402616,10.98676],"rotation":0,"texture":"#3","tintindex":0},"south":{"uv":[2.8911228,6.8943563,4.245651,8.369993],"rotation":0,"texture":"#3","tintindex":0},"north":{"uv":[2.8911228,6.8943563,4.245651,8.369993],"rotation":0,"texture":"#3","tintindex":0},"west":{"uv":[5.5191817,9.527497,6.713046,10.990377],"rotation":180,"texture":"#3","tintindex":0},"up":{"uv":[2.8911228,6.8943563,4.245651,8.369993],"rotation":0,"texture":"#3","tintindex":0},"down":{"uv":[2.8911228,6.8943563,4.245651,8.369993],"rotation":0,"texture":"#3","tintindex":0}}}],"textures":{"3":"modelengine:entity/madera"},"display":{"head":{"translation":[60.960007,-6.4,0.0],"scale":[4.0,4.0,4.0]}}}