{"elements":[{"from":[-14.428026,5.431976,-7.5280247],"to":[15.428021,10.568024,-2.3919764],"rotation":{"angle":0.0,"axis":"y","origin":[0.4999981,8.0,-4.960001]},"faces":{"east":{"uv":[5.501901,9.466811,6.745052,11.029874],"rotation":0,"texture":"#3","tintindex":0},"south":{"uv":[2.975292,6.921901,9.190449,8.344619],"rotation":0,"texture":"#3","tintindex":0},"north":{"uv":[2.999244,6.890651,9.190449,8.375869],"rotation":0,"texture":"#3","tintindex":0},"west":{"uv":[5.5167866,9.472407,6.720232,10.99876],"rotation":180,"texture":"#3","tintindex":0},"up":{"uv":[2.975292,6.921901,9.190449,8.344619],"rotation":0,"texture":"#3","tintindex":0},"down":{"uv":[2.975292,6.921901,9.190449,8.344619],"rotation":0,"texture":"#3","tintindex":0}}},{"from":[-15.148001,5.432,18.392],"to":[15.667997,10.568,23.528],"rotation":{"angle":0.0,"axis":"y","origin":[0.2599964,8.0,20.960001]},"faces":{"east":{"uv":[5.553398,9.521901,6.7402616,10.98676],"rotation":0,"texture":"#3","tintindex":0},"south":{"uv":[2.975292,6.921901,9.166496,8.362583],"rotation":0,"texture":"#3","tintindex":0},"north":{"uv":[2.975292,6.890651,9.190449,8.331333],"rotation":0,"texture":"#3","tintindex":0},"west":{"uv":[5.5191817,9.527497,6.713046,10.990377],"rotation":180,"texture":"#3","tintindex":0},"up":{"uv":[2.975292,6.921901,9.190449,8.362583],"rotation":0,"texture":"#3","tintindex":0},"down":{"uv":[2.975292,6.921901,9.190449,8.362583],"rotation":0,"texture":"#3","tintindex":0}}},{"from":[15.331997,5.432,-7.288001],"to":[31.267998,10.5704,-2.1519995],"rotation":{"angle":0.0,"axis":"y","origin":[23.299997,8.0012,-4.7200003]},"faces":{"east":{"uv":[5.553398,9.521901,6.7402616,10.98676],"rotation":0,"texture":"#3","tintindex":0},"south":{"uv":[2.8911228,6.8943563,5.438465,8.369993],"rotation":0,"texture":"#3","tintindex":0},"north":{"uv":[2.8911228,6.8943563,5.438465,8.367373],"rotation":0,"texture":"#3","tintindex":0},"west":{"uv":[5.5191817,9.527497,6.713046,10.990377],"rotation":180,"texture":"#3","tintindex":0},"up":{"uv":[2.8911228,6.8943563,5.4648123,8.369993],"rotation":0,"texture":"#3","tintindex":0},"down":{"uv":[2.8911228,6.8943563,5.438465,8.369993],"rotation":0,"texture":"#3","tintindex":0}}},{"from":[12.931997,5.432,5.432],"to":[31.267998,10.568,10.568],"rotation":{"angle":0.0,"axis":"y","origin":[22.099998,8.0,8.0]},"faces":{"east":{"uv":[5.553398,9.521901,6.7402616,10.98676],"rotation":0,"texture":"#3","tintindex":0},"south":{"uv":[2.975292,6.921901,7.6084127,8.362583],"rotation":0,"texture":"#3","tintindex":0},"north":{"uv":[2.975292,6.890651,7.6709127,8.331333],"rotation":0,"texture":"#3","tintindex":0},"west":{"uv":[5.553398,9.521901,6.7402616,10.98676],"rotation":0,"texture":"#3","tintindex":0},"up":{"uv":[2.975292,6.921901,7.6084127,8.362583],"rotation":0,"texture":"#3","tintindex":0},"down":{"uv":[2.975292,6.921901,7.6084127,8.362583],"rotation":0,"texture":"#3","tintindex":0}}},{"from":[15.331997,5.432,18.392],"to":[31.270397,10.568,23.528],"rotation":{"angle":0.0,"axis":"y","origin":[23.301197,8.0,20.960001]},"faces":{"east":{"uv":[5.553398,9.521901,6.7402616,10.98676],"rotation":0,"texture":"#3","tintindex":0},"south":{"uv":[2.8911228,6.8943563,5.438465,8.44185],"rotation":0,"texture":"#3","tintindex":0},"north":{"uv":[2.8911228,6.8943563,5.438465,8.369993],"rotation":0,"texture":"#3","tintindex":0},"west":{"uv":[5.5191817,9.527497,6.713046,10.990377],"rotation":180,"texture":"#3","tintindex":0},"up":{"uv":[2.8911228,6.8943563,5.4648123,8.369993],"rotation":0,"texture":"#3","tintindex":0},"down":{"uv":[2.8911228,6.8943563,5.438465,8.369993],"rotation":0,"texture":"#3","tintindex":0}}},{"from":[37.171997,5.432,5.432],"to":[45.607998,10.568,10.568],"rotation":{"angle":0.0,"axis":"y","origin":[43.339996,8.0,8.0]},"faces":{"east":{"uv":[5.553398,9.521901,6.7402616,10.98676],"rotation":0,"texture":"#3","tintindex":0},"south":{"uv":[2.9223728,6.8943563,6.0577393,8.369993],"rotation":0,"texture":"#3","tintindex":0},"north":{"uv":[2.9223728,6.8943563,6.0577393,8.369993],"rotation":0,"texture":"#3","tintindex":0},"west":{"uv":[5.5191817,9.527497,6.713046,10.990377],"rotation":180,"texture":"#3","tintindex":0},"up":{"uv":[2.9223728,6.8943563,6.0577393,8.369993],"rotation":0,"texture":"#3","tintindex":0},"down":{"uv":[2.9223728,6.8943563,6.0577393,8.369993],"rotation":0,"texture":"#3","tintindex":0}}},{"from":[-4.828003,5.432,5.432],"to":[13.267998,10.568,10.568],"rotation":{"angle":0.0,"axis":"y","origin":[4.2199974,8.0,8.0]},"faces":{"east":{"uv":[5.553398,9.521901,6.7402616,10.98676],"rotation":0,"texture":"#3","tintindex":0},"south":{"uv":[2.975292,6.921901,7.6084127,8.362583],"rotation":0,"texture":"#3","tintindex":0},"north":{"uv":[2.975292,6.890651,7.6709127,8.331333],"rotation":0,"texture":"#3","tintindex":0},"west":{"uv":[5.553398,9.521901,6.7402616,10.98676],"rotation":0,"texture":"#3","tintindex":0},"up":{"uv":[2.975292,6.921901,7.6084127,8.362583],"rotation":0,"texture":"#3","tintindex":0},"down":{"uv":[2.975292,6.921901,7.6084127,8.362583],"rotation":0,"texture":"#3","tintindex":0}}},{"from":[-19.468,5.432,5.432],"to":[-4.012003,10.568,10.568],"rotation":{"angle":0.0,"axis":"y","origin":[-11.740002,8.0,8.0]},"faces":{"east":{"uv":[5.553398,9.521901,6.7402616,10.98676],"rotation":0,"texture":"#3","tintindex":0},"south":{"uv":[2.975292,6.921901,7.6084127,8.362583],"rotation":0,"texture":"#3","tintindex":0},"north":{"uv":[2.975292,6.890651,7.6709127,8.331333],"rotation":0,"texture":"#3","tintindex":0},"west":{"uv":[5.553398,9.521901,6.7402616,10.98676],"rotation":0,"texture":"#3","tintindex":0},"up":{"uv":[2.975292,6.921901,7.6084127,8.362583],"rotation":0,"texture":"#3","tintindex":0},"down":{"uv":[2.975292,6.921901,7.6084127,8.362583],"rotation":0,"texture":"#3","tintindex":0}}},{"from":[37.171997,5.432,18.392],"to":[42.788,10.568,23.528],"rotation":{"angle":0.0,"axis":"y","origin":[39.979996,8.0,20.960001]},"faces":{"east":{"uv":[5.553398,9.521901,6.7402616,10.98676],"rotation":0,"texture":"#3","tintindex":0},"south":{"uv":[2.8911228,6.8943563,4.245651,8.369993],"rotation":0,"texture":"#3","tintindex":0},"north":{"uv":[2.8911228,6.8943563,4.245651,8.369993],"rotation":0,"texture":"#3","tintindex":0},"west":{"uv":[5.5191817,9.527497,6.713046,10.990377],"rotation":180,"texture":"#3","tintindex":0},"up":{"uv":[2.8911228,6.8943563,4.245651,8.369993],"rotation":0,"texture":"#3","tintindex":0},"down":{"uv":[2.8911228,6.8943563,4.245651,8.369993],"rotation":0,"texture":"#3","tintindex":0}}},{"from":[37.171997,5.432,-7.288001],"to":[42.788,10.568,-2.1519995],"rotation":{"angle":0.0,"axis":"y","origin":[39.979996,8.0,-4.7200003]},"faces":{"east":{"uv":[5.553398,9.521901,6.7402616,10.98676],"rotation":0,"texture":"#3","tintindex":0},"south":{"uv":[2.8911228,6.8943563,4.245651,8.369993],"rotation":0,"texture":"#3","tintindex":0},"north":{"uv":[2.8911228,6.8943563,4.245651,8.369993],"rotation":0,"texture":"#3","tintindex":0},"west":{"uv":[5.5191817,9.527497,6.713046,10.990377],"rotation":180,"texture":"#3","tintindex":0},"up":{"uv":[2.8911228,6.8943563,4.245651,8.369993],"rotation":0,"texture":"#3","tintindex":0},"down":{"uv":[2.8911228,6.8943563,4.245651,8.369993],"rotation":0,"texture":"#3","tintindex":0}}}],"textures":{"3":"modelengine:entity/madera"},"display":{"head":{"translation":[-40.55999,-6.4,0.0],"scale":[4.0,4.0,4.0]}}}